Date,Benchmark_Monthly_Investment,Benchmark_Portfolio_Value,Strategy_Monthly_Cashflow,Strategy_Portfolio_Value,Risk_Level
1950-01-01,-200.0,200.0,-400.0,400.0,0.2663321344325837
1950-02-01,-200.0,403.9092769143703,-400.0,807.8185538287406,0.27261321535380273
1950-03-01,-200.0,605.4786938315013,-400.0,1210.9573876630027,0.27253004406489467
1950-04-01,-200.0,822.5786833131957,-400.0,1645.1573666263914,0.28317598070272654
1950-05-01,-200.0,1046.635069211952,-400.0,2093.270138423904,0.2942347681616937
1950-06-01,-200.0,1259.2121886434436,-400.0,2518.424377286887,0.2977301511228978
1950-07-01,-200.0,1353.2985467885999,-400.0,2706.5970935771998,0.25736759087912253
1950-08-01,-200.0,1623.2431276224904,-400.0,3246.486255244981,0.27727635008613466
1950-09-01,-200.0,1873.5700223646925,-400.0,3747.140044729385,0.28920292559429817
1950-10-01,-200.0,2135.30560433888,-250.0,4120.61120867776,0.30193637606300006
1950-11-01,-200.0,2322.4099489528376,-400.0,4495.725786179454,0.2970898151555656
1950-12-01,-200.0,2485.233298942336,-400.0,4823.759153341295,0.2878735915262352
1951-01-01,-200.0,2826.8868751961745,-250.0,5348.704260244853,0.3114433906496321
1951-02-01,-200.0,3098.024831312555,-250.0,5733.303169130582,0.3209915875622013
1951-03-01,-200.0,3234.0861978492444,-250.0,5864.976302876974,0.3089058384255181
1951-04-01,-200.0,3477.511323030167,-250.0,6193.727243499692,0.31321721747812425
1951-05-01,-200.0,3665.608612307639,-250.0,6422.527558775336,0.3095271309837685
1951-06-01,-200.0,3802.1190473777224,-400.0,6711.287237294221,0.29987014364768755
1951-07-01,-200.0,4069.1337353862964,-250.0,7079.577804932651,0.3062957916938958
1951-08-01,-200.0,4447.209053963473,-250.0,7639.397573706017,0.3255717560390854
1951-09-01,-200.0,4726.985970439412,-250.0,8026.438035435803,0.3328170123766856
1951-10-01,-200.0,4884.760200734756,-250.0,8204.73853682242,0.32761378496534443
1951-11-01,-200.0,4912.929299695338,-250.0,8166.120967558125,0.30923343996556035
1951-12-01,-200.0,5245.262291737295,-250.0,8636.080823499984,0.32135255950871516
1952-01-01,-200.0,5619.974401628088,-250.0,9173.736200474728,0.3366659407395063
1952-02-01,-200.0,5759.716386154342,-250.0,9325.37434000787,0.329988039593902
1952-03-01,-200.0,5974.275730182502,-250.0,9598.94691270154,0.3301814531806383
1952-04-01,-200.0,6134.2436256075025,-250.0,9784.626806972607,0.32563221746071863
1952-05-01,-200.0,6331.683957914781,-250.0,10030.543924933394,0.324369519029042
1952-06-01,-200.0,6680.581834334123,-250.0,10516.425358637387,0.33476096965890917
1952-07-01,-200.0,7020.905387240739,-250.0,10987.31961707114,0.3440568755289318
1952-08-01,-200.0,7248.717895266094,-250.0,11280.844618217327,0.3450966570760504
1952-09-01,-200.0,7333.59020960568,-250.0,11351.676722328004,0.33583133144801497
1952-10-01,-200.0,7379.654000017258,-250.0,11363.39860244895,0.32446279713453524
1952-11-01,-200.0,7814.069825533174,-250.0,11974.35867782013,0.3391499917891226
1952-12-01,-200.0,8329.186917563513,-250.0,12707.247258256572,0.358895462098631
1953-01-01,-200.0,8605.564725714567,-250.0,13073.771440367618,0.3632321973338643
1953-02-01,-200.0,8732.564383164421,-250.0,13212.867644511281,0.3581633644990057
1953-03-01,-200.0,8943.47729046202,-250.0,13479.37949525904,0.35825942321921656
1953-04-01,-200.0,8702.9866337583,-250.0,13065.483279839838,0.3320579501246239
1953-05-01,-200.0,8915.876475278612,-250.0,13334.83433895903,0.3328936053241304
1953-06-01,-200.0,8764.359834195599,-250.0,13059.096214476678,0.31245748031871656
1953-07-01,-200.0,9088.868392671524,-250.0,13494.616808726916,0.31943210678779305
1953-08-01,-200.0,9292.317678589045,-250.0,13749.738105428516,0.3197760407932657
1953-09-01,-200.0,9065.453036987425,-400.0,13518.111289439043,0.2965984684925639
1953-10-01,-200.0,9503.689892029714,-250.0,14123.362406682472,0.30933619383034117
1953-11-01,-200.0,9950.060775779275,-250.0,14739.492332761802,0.32261561308244147
1953-12-01,-200.0,10283.9717114783,-250.0,15187.860890953261,0.32996645214707754
1954-01-01,-200.0,10744.911946984152,-250.0,15823.229900991679,0.3442543559678618
1954-02-01,-200.0,11181.33692903422,-250.0,16421.395326988124,0.3575821335939067
1954-03-01,-200.0,11617.730358645274,-250.0,17018.572948500063,0.37051464161587194
1954-04-01,-200.0,12326.015256570048,-250.0,18013.148984172694,0.39772762379227605
1954-05-01,-200.0,12969.034003280256,-200.0,18860.573356215296,0.4214816994788326
1954-06-01,-200.0,13273.074855773266,-200.0,19211.87761912272,0.4287107544547213
1954-07-01,-200.0,14009.333449527967,-200.0,20188.07564311992,0.45834319694915643
1954-08-01,-200.0,14488.190366041463,-200.0,20789.920923230038,0.4764050883077603
1954-09-01,-200.0,15083.182225581531,-150.0,21506.71700456848,0.501807947664161
1954-10-01,-200.0,15633.243557311169,-150.0,22155.860347342845,0.52317424910624
1954-11-01,-200.0,16445.13848092155,-150.0,23173.05456875056,0.5539894830472958
1954-12-01,-200.0,17461.975923449343,-150.0,24474.07063659668,0.5951760696783234
1955-01-01,-200.0,17976.73757612224,-100.0,25015.22912604709,0.6105135974749153
1955-02-01,-200.0,18777.5080040297,-100.0,25951.221187600022,0.6413937470452657
1955-03-01,-200.0,18829.64018881585,-100.0,25846.862314297014,0.6347775167992042
1955-04-01,-200.0,19679.576760592307,-100.0,26839.01006195871,0.6697558282775511
1955-05-01,-200.0,19796.032003300566,-100.0,26825.07170805737,0.6659145120256523
1955-06-01,-200.0,21143.74910245939,-50.0,28430.3123482203,0.7212827448293145
1955-07-01,-200.0,22805.963208420097,-50.0,30446.43498574257,0.7902838973201906
1955-08-01,-200.0,22867.17817093339,-50.0,30311.15407556059,0.7793883588108127
1955-09-01,-200.0,24007.50060090482,0.0,31557.580628172964,0.82007178923523
1955-10-01,-200.0,23000.134598343804,-50.0,30020.512044611292,0.7543187023836944
1955-11-01,-200.0,24751.63982263782,0.0,32045.586335983036,0.8185976829767341
1955-12-01,-200.0,25275.86272867735,0.0,32465.352993951714,0.8219341096779877
1956-01-01,-200.0,24796.10033681651,-50.0,31642.238345376867,0.7805811838853899
1956-02-01,-200.0,25153.302802744733,-50.0,31892.843998193825,0.779250949203191
1956-03-01,-200.0,27085.951987640598,0.0,34089.73681146889,0.8457173422269905
1956-04-01,-200.0,27503.427294322846,0.0,34363.44607489718,0.8430808875273416
1956-05-01,-200.0,26740.48956957238,-50.0,33210.32843345411,0.7897919952917953
1956-06-01,-200.0,26589.76440523741,-50.0,32824.745611863014,0.7642629231151501
1956-07-01,-200.0,28027.827551842554,0.0,34353.11973430285,0.8034807601074416
1956-08-01,-200.0,28162.845761755027,-50.0,34323.47291860523,0.7889681710455294
1956-09-01,-200.0,27305.288809362093,-50.0,33084.57520839459,0.7362478007348101
1956-10-01,-200.0,27057.767567466533,-50.0,32592.334095758146,0.7084171439729269
1956-11-01,-200.0,26976.990331629844,-100.0,32354.12491223792,0.6881320533253842
1956-12-01,-200.0,27478.62162444803,-100.0,32815.878258527155,0.690824859033817
1957-01-01,-200.0,27080.638611583712,-100.0,32201.747178045174,0.6610018242074532
1957-02-01,-200.0,26019.183685091888,-100.0,30801.743681007487,0.608282969013482
1957-03-01,-200.0,26459.223576820772,-100.0,31185.90506392152,0.6107079180302877
1957-04-01,-200.0,27175.34821441009,-100.0,31894.230319660008,0.6245527403547501
1957-05-01,-200.0,28317.891470384533,-100.0,33100.442150143586,0.6555711478315067
1957-06-01,-200.0,28881.478165787477,-100.0,33625.43425770687,0.6688137843800162
1957-07-01,-200.0,29456.673197674172,-100.0,34162.25732493717,0.6822700409226308
1957-08-01,-200.0,28035.47609020249,-100.0,32382.080551809086,0.6195022670270446
1957-09-01,-200.0,27097.842246423304,-150.0,31218.068596057215,0.5744811016536787
1957-10-01,-200.0,25609.78173021721,-150.0,29423.338513492312,0.5114759592512462
1957-11-01,-200.0,25168.479340260266,-200.0,28886.539679828267,0.4857789195220056
1957-12-01,-200.0,25356.29282416101,-200.0,29072.552888012164,0.4814878151830471
1958-01-01,-200.0,25871.752934383654,-200.0,29634.24735187192,0.48905293795881244
1958-02-01,-200.0,26160.09468193576,-200.0,29935.436521585132,0.48884058285267445
1958-03-01,-200.0,26713.91597293472,-200.0,30540.32017837092,0.49897660446742426
1958-04-01,-200.0,26966.475431221927,-200.0,30800.40806238311,0.4976558640112673
1958-05-01,-200.0,28032.704098599817,-150.0,31939.791954935976,0.5239017409807929
1958-06-01,-200.0,28906.31913184367,-150.0,32857.29279766062,0.5443695885150934
1958-07-01,-200.0,29798.63712070384,-150.0,33794.238197568244,0.5648531420961931
1958-08-01,-200.0,31219.84938649267,-100.0,35279.19879266827,0.6017826705075883
1958-09-01,-200.0,32244.957657984574,-100.0,36311.59146295552,0.6259844755125586
1958-10-01,-200.0,33755.51538922016,-100.0,37887.43266051593,0.6651305742633669
1958-11-01,-200.0,34862.56763850482,-100.0,39005.514612993444,0.6908261206608473
1958-12-01,-200.0,35842.37634550652,-50.0,39927.99308995737,0.7122193515829839
1959-01-01,-200.0,37341.27645128641,-50.0,41424.95279899536,0.7490722611343126
1959-02-01,-200.0,37098.063778969845,-50.0,40983.26998106646,0.7325041661332187
1959-03-01,-200.0,38239.48675143269,-50.0,42073.286303122986,0.757364249649412
1959-04-01,-200.0,38945.28541761143,-50.0,42679.795134745276,0.7685944392011065
1959-05-01,-200.0,39732.24487036149,-50.0,43373.03882720121,0.7810861301123923
1959-06-01,-200.0,39454.209694422636,-50.0,42901.19974374609,0.7625072346053423
1959-07-01,-200.0,41078.75239800766,-50.0,44500.200257083874,0.7981075255842542
1959-08-01,-200.0,41045.18986431271,-50.0,44297.18430807757,0.786080772819507
1959-09-01,-200.0,39486.786295765494,-50.0,42449.46310806816,0.7315317738691334
1959-10-01,-200.0,39518.10438604182,-50.0,42318.125066269065,0.7226765074085427
1959-11-01,-200.0,39877.44644108053,-50.0,42538.75716308154,0.7229327312772691
1959-12-01,-200.0,41352.8431490448,-50.0,43949.27032750509,0.7530282071056547
1960-01-01,-200.0,40970.299945117746,-50.0,43380.150895872204,0.733066637109022
1960-02-01,-200.0,39447.733574947415,-100.0,41656.2641006512,0.6833063229504623
1960-03-01,-200.0,39110.061128857895,-100.0,41188.48939259618,0.6660097691376609
1960-04-01,-200.0,39680.5898793602,-100.0,41678.709174136115,0.6724470584788049
1960-05-01,-200.0,39517.379315704056,-100.0,41397.20911333503,0.6603525416384174
1960-06-01,-200.0,41038.98222556406,-100.0,42881.680274420476,0.6914393121635763
1960-07-01,-200.0,40221.36618499095,-100.0,41918.37208967714,0.663418662132072
1960-08-01,-200.0,40904.04924678331,-100.0,42521.4203474747,0.673515384530942
1960-09-01,-200.0,39873.32335713905,-100.0,41342.0308041473,0.6409703372883817
1960-10-01,-200.0,39024.929070581726,-100.0,40355.01960867881,0.6142493771252107
1960-11-01,-200.0,40489.21223922284,-100.0,41762.39346627528,0.6454688057617011
1960-12-01,-200.0,41659.81608725017,-100.0,42863.51790311802,0.6687463541768203
1961-01-01,-200.0,44001.75462580225,-50.0,45117.34474436767,0.721151314111049
1961-02-01,-200.0,46006.75412511155,-50.0,47018.10695524539,0.7647153399052645
1961-03-01,-200.0,47649.3352820667,-50.0,48542.3999458982,0.7992894085408438
1961-04-01,-200.0,49120.72286494527,0.0,49837.61643043052,0.8291653286653787
1961-05-01,-200.0,49820.649254831405,0.0,50344.83900797885,0.8392025504147361
1961-06-01,-200.0,49360.93491943148,0.0,49678.18346446957,0.8217112293818551
1961-07-01,-200.0,49097.60663227238,0.0,49211.87731181387,0.8105586848150025
1961-08-01,-200.0,51230.993369737815,0.0,51149.76384940117,0.8547395867534704
1961-09-01,-200.0,50860.78660547861,0.0,50580.461178912294,0.8406247240288369
1961-10-01,-200.0,51620.475870764356,0.0,51137.065648572425,0.852684807207221
1961-11-01,-200.0,54158.38038301079,5345.307638861581,48107.76874975421,0.9062796183781491
1961-12-01,-200.0,54861.574214287124,5394.971713214018,43159.77370571213,0.915507569892796
1962-01-01,-200.0,53019.195635822594,0.0,41553.02802751451,0.8678075605182501
1962-02-01,-200.0,53923.44909010403,0.0,42104.9764902041,0.8830831570523471
1962-03-01,-200.0,54176.93453675266,0.0,42146.73946181865,0.8832115648926742
1962-04-01,-200.0,52476.96946509017,0.0,40668.66888535235,0.8382294023059151
1962-05-01,-200.0,48774.385829511724,-50.0,37694.23963018516,0.7482281788051761
1962-06-01,-200.0,43275.924182643794,-100.0,33390.30557366462,0.6192002422028869
1962-07-01,-200.0,44372.16461284674,-100.0,34181.815746980596,0.6386445969476967
1962-08-01,-200.0,45778.712021617954,-100.0,35211.271895366786,0.6650596704809487
1962-09-01,-200.0,45422.82130831873,-100.0,34883.70156440498,0.6502649743227423
1962-10-01,-200.0,44189.72511697718,-100.0,33883.11603466624,0.6155794589057749
1962-11-01,-200.0,47434.22360148722,-100.0,36317.52963748785,0.6777729009871263
1962-12-01,-200.0,49688.254658328064,-50.0,37940.177572233406,0.7176658621050592
1963-01-01,-200.0,51808.07097762547,-50.0,39456.08078338609,0.7527432177994449
1963-02-01,-200.0,52693.13262539145,-50.0,40027.81122433471,0.7610715401317025
1963-03-01,-200.0,52520.802065785385,-50.0,39794.97403834094,0.7473521611540159
1963-04-01,-200.0,55192.15385347483,-50.0,41717.515514526385,0.7915051679134053
1963-05-01,-200.0,56499.88585838465,0.0,42554.80530798953,0.8068720553059378
1963-06-01,-200.0,56491.68835396381,-50.0,42447.99429622138,0.7950294353697356
1963-07-01,-200.0,55672.44482295687,-50.0,41732.132187099145,0.7688460381997995
1963-08-01,-200.0,57411.464875116166,-50.0,42935.78348550276,0.792358213926074
1963-09-01,-200.0,59124.02974043388,0.0,44066.97144084107,0.8143232646310411
1963-10-01,-200.0,59278.06247654566,0.0,44032.710614678355,0.8067228698453971
1963-11-01,-200.0,59145.03965364372,-50.0,43835.33583594421,0.7940641387852583
1963-12-01,-200.0,60411.81843841011,0.0,44625.978746435765,0.8071596240556325
1964-01-01,-200.0,62469.14226419172,0.0,45997.976738171106,0.8337218344875488
1964-02-01,-200.0,63437.354334451054,0.0,46563.63523222132,0.8392696939187538
1964-03-01,-200.0,64792.920848889706,0.0,47411.832295756,0.8517274493285395
1964-04-01,-200.0,65930.4057864978,0.0,48097.831291623675,0.8583285923894716
1964-05-01,-200.0,66773.50097674248,0.0,48566.98484218741,0.8597514900809966
1964-06-01,-200.0,66362.04398859045,0.0,48122.24820503592,0.8402863024712379
1964-07-01,-200.0,68806.02003387005,0.0,49749.461077437285,0.8683884469063339
1964-08-01,-200.0,68215.64530184207,0.0,49177.98903257463,0.8460090020842832
1964-09-01,-200.0,69365.59364406794,0.0,49862.82531827982,0.852601434279489
1964-10-01,-200.0,70763.33695975949,0.0,50723.81219360187,0.8629268475604416
1964-11-01,-200.0,71226.92229989223,0.0,50912.7525950061,0.8583646846538869
1964-12-01,-200.0,70193.12261585852,0.0,50030.836936759275,0.8300548945497325
1965-01-01,-200.0,72198.9485430888,0.0,51317.957086633025,0.8495807253396129
1965-02-01,-200.0,72926.49741771969,0.0,51692.931114035266,0.8486982556096667
1965-03-01,-200.0,72960.82620965857,0.0,51575.497387624026,0.8375771938618939
1965-04-01,-200.0,73883.72361529329,0.0,52086.508504037316,0.8401174178011747
1965-05-01,-200.0,75183.79490613319,0.0,52862.03618241653,0.8469993235832786
1965-06-01,-200.0,71359.56138538459,-50.0,50082.581002003004,0.7809833895618524
1965-07-01,-200.0,71450.94082646792,-50.0,50056.34737843787,0.7720450917424284
1965-08-01,-200.0,72980.49656748713,-50.0,51037.793532423304,0.7837731758710625
1965-09-01,-200.0,75619.2941507146,0.0,52743.32930395693,0.8096444473631077
1965-10-01,-200.0,77275.58523921767,0.0,53759.070607892514,0.8219025424873637
1965-11-01,-200.0,78118.45186045783,0.0,54206.299987983555,0.8224831110934941
1965-12-01,-200.0,77717.63118707645,0.0,53789.39124383089,0.8061019056721653
1966-01-01,-200.0,79264.75139724821,0.0,54721.75079893594,0.8160560177476094
1966-02-01,-200.0,78437.70833081042,-50.0,54062.71438930008,0.7948077294847099
1966-03-01,-200.0,75178.66568322254,-50.0,51728.59023911126,0.7437091031334171
1966-04-01,-200.0,77199.82549541845,-50.0,53031.68549996587,0.7601073491973861
1966-05-01,-200.0,73337.75202406336,-50.0,50291.28278301359,0.7033982790090869
1966-06-01,-200.0,72704.67886326861,-100.0,49820.00377933317,0.6879628894771566
1966-07-01,-200.0,72495.55242118154,-100.0,49639.654822296514,0.6773421300866135
1966-08-01,-200.0,67896.04576596824,-100.0,46453.303512109196,0.6142671426774388
1966-09-01,-200.0,65705.55816432393,-150.0,44967.77312372866,0.5816384441643742
1966-10-01,-200.0,64935.046220663855,-150.0,44453.571157934064,0.5666577522310666
1966-11-01,-200.0,68384.70000829315,-100.0,46778.23602374667,0.6012493942921694
1966-12-01,-200.0,68871.35546720374,-100.0,47074.32135734891,0.6011469745141443
1967-01-01,-200.0,71713.65286941775,-100.0,48980.360402024635,0.6278160261922235
1967-02-01,-200.0,74385.12158552221,-100.0,50768.371311991104,0.652319058895783
1967-03-01,-200.0,76108.44113799372,-100.0,51908.04767492847,0.666119330039561
1967-04-01,-200.0,77385.21538138346,-100.0,52742.437289605616,0.6754191794443557
1967-05-01,-200.0,78734.34382717105,-100.0,53625.63385617141,0.6851101762654944
1967-06-01,-200.0,77714.313293919,-100.0,52894.6761382391,0.6675785751790569
1967-07-01,-200.0,79020.66135630039,-100.0,53747.689579077305,0.6763930071553608
1967-08-01,-200.0,80238.42227456075,-100.0,54539.94268050004,0.6844551196147161
1967-09-01,-200.0,81317.289275373,-100.0,55237.32925029156,0.6907598082242777
1967-10-01,-200.0,81149.00283529481,-100.0,55087.15908930493,0.6827921611856211
1967-11-01,-200.0,78571.53770856382,-100.0,53301.70568931958,0.6482689406079839
1967-12-01,-200.0,80771.898974282,-100.0,54758.719572045266,0.666781964835189
1968-01-01,-200.0,80279.19876617572,-100.0,54389.10852012153,0.6552317401775987
1968-02-01,-200.0,76631.46074989517,-100.0,51882.26834556994,0.6092973987809284
1968-03-01,-200.0,75210.49571323363,-150.0,50934.81643498534,0.58808631586029
1968-04-01,-200.0,80730.02839062994,-100.0,54637.36442876771,0.6411748138642314
1968-05-01,-200.0,82547.55175599387,-100.0,55832.08984070245,0.6531785852211942
1968-06-01,-200.0,84477.28242351455,-100.0,57102.01524702707,0.6657011701706225
1968-07-01,-200.0,84026.06802898206,-100.0,56761.829989891856,0.6532469912738051
1968-08-01,-200.0,82156.22625223122,-100.0,55463.59715817846,0.6268973559978226
1968-09-01,-200.0,84785.79382836197,-100.0,57203.79612371247,0.6464985917082748
1968-10-01,-200.0,86586.06310458502,-100.0,58383.47555214854,0.6571276967407456
1968-11-01,-200.0,87872.56686867161,-100.0,59216.0861325747,0.6631157547329108
1968-12-01,-200.0,88739.79925202804,-100.0,59765.72464538073,0.6642394186710894
1969-01-01,-200.0,84951.41052600402,-100.0,57179.56866590521,0.6192823189571324
1969-02-01,-200.0,84262.28926727921,-100.0,56681.11397573842,0.6063906801173362
1969-03-01,-200.0,81951.21375524986,-150.0,55141.97689512161,0.5774602688164574
1969-04-01,-200.0,83340.88374473972,-150.0,56092.46235552234,0.5854730475448304
1969-05-01,-200.0,86019.33277726336,-100.0,57860.578924608846,0.6055089131127988
1969-06-01,-200.0,81283.64384241702,-150.0,54690.60642608371,0.5546158305907594
1969-07-01,-200.0,77430.01796767829,-150.0,52113.17878093875,0.5131401741191448
1969-08-01,-200.0,76780.50328175625,-150.0,51691.42493318725,0.5026535236245778
1969-09-01,-200.0,77041.81298806953,-150.0,51882.70085540854,0.5009359928387311
1969-10-01,-200.0,77647.51023691731,-150.0,52305.9118324541,0.5023372674420553
1969-11-01,-200.0,77991.62498679534,-150.0,52552.992258830636,0.5013908291165918
1969-12-01,-200.0,73665.0537335397,-644.4167611245357,50147.27557201553,0.45696082098889523
1970-01-01,-200.0,73025.3296911614,-605.7517554570622,50181.38757669049,0.4470606383421547
1970-02-01,-200.0,70307.37495590695,-569.4066501296402,48745.64042442977,0.41812764715906814
1970-03-01,-200.0,71334.5543727865,-535.242251121861,49854.3842526904,0.4241929782648362
1970-04-01,-200.0,68823.04352072654,-670.8369547393995,48630.197048205395,0.39765258391784336
1970-05-01,-200.0,60945.77818105978,-617.1699983602484,43539.990781516564,0.32219683535162374
1970-06-01,-200.0,60457.15810544422,-567.7963984914277,43615.83330495539,0.31495906656371875
1970-07-01,-200.0,60450.468625379704,-522.3726866121142,43989.0932282342,0.31209488598377716
1970-08-01,-200.0,62406.832700112915,-6257.28589603931,51524.464551616635,0.3267773834579852
1970-09-01,-200.0,66001.92692594934,-250.0,54577.52960907773,0.35625210419567827
1970-10-01,-200.0,67290.36600587705,-250.0,55727.56872731559,0.36497720129895883
1970-11-01,-200.0,67078.65088260983,-250.0,55636.60041060373,0.36057089955115007
1970-12-01,-200.0,71511.59739521319,-250.0,59397.50515574115,0.3972396803540617
1971-01-01,-200.0,74443.30345268337,-200.0,61866.45915121455,0.4207012908508843
1971-02-01,-200.0,77331.8283960032,-200.0,64300.77051125029,0.44327883504727417
1971-03-01,-200.0,79316.24091237421,-200.0,65984.49464001413,0.4577096099498753
1971-04-01,-200.0,82019.33915942679,-200.0,68266.8635340284,0.47811729156748045
1971-05-01,-200.0,80702.62591321995,-200.0,67204.4630165383,0.4634883790824997
1971-06-01,-200.0,78824.6013622693,-200.0,65674.00477553892,0.44414921317938966
1971-07-01,-200.0,78262.92859613952,-200.0,65239.404663191905,0.43627636001346687
1971-08-01,-200.0,76883.36338902876,-200.0,64122.69066351058,0.42126132555237167
1971-09-01,-200.0,78791.12043409135,-200.0,65747.00369954258,0.43450958208467283
1971-10-01,-200.0,77130.35878506773,-200.0,64394.2969687802,0.41714430185922
1971-11-01,-200.0,73754.28906907586,-250.0,61658.72165317278,0.3854047395744922
1971-12-01,-200.0,78650.28550177364,-200.0,65784.58332959437,0.4236769451220878
1972-01-01,-200.0,82126.19159273186,-200.0,68724.61301728962,0.4499154028272026
1972-02-01,-200.0,83431.72469013833,-200.0,69849.74217308733,0.45760192534474453
1972-03-01,-200.0,85407.69584914521,-200.0,71536.6001761334,0.4714082713985605
1972-04-01,-200.0,86271.91176873552,-200.0,72292.94054099094,0.4756388351417981
1972-05-01,-200.0,85394.55472836307,-200.0,71590.15182489241,0.46497654461706356
1972-06-01,-200.0,85627.55984650337,-200.0,71817.8215214694,0.46395111459576377
1972-07-01,-200.0,84787.5322560658,-200.0,71145.52624642779,0.45387871169320043
1972-08-01,-200.0,87783.3861063086,-200.0,73691.53736611565,0.47562217074530655
1972-09-01,-200.0,86512.67839047844,-200.0,72656.9220544611,0.46199951718351484
1972-10-01,-200.0,86460.74620869585,-200.0,72645.3389982509,0.4585281022426796
1972-11-01,-200.0,90785.52692029343,-200.0,76311.02841485826,0.4916373793806012
1972-12-01,-200.0,92660.8337767125,-150.0,77869.23072926512,0.5042928171475601
1973-01-01,-200.0,93351.30790675269,-150.0,78431.40965796837,0.5067586296639134
1973-02-01,-200.0,89610.6881339487,-200.0,75320.60051519981,0.4728790316064648
1973-03-01,-200.0,87583.34185478557,-200.0,73648.44594529974,0.4529331226836576
1973-04-01,-200.0,85555.11782301654,-200.0,71974.74218288965,0.43311860065963637
1973-05-01,-200.0,82782.47853645732,-200.0,69673.95728892894,0.4063746852665099
1973-06-01,-200.0,80580.37465432327,-250.0,67902.22411246128,0.3850041018631088
1973-07-01,-200.0,81364.86026690838,-250.0,68644.7494106684,0.38824798590683085
1973-08-01,-200.0,78610.72863498033,-250.0,66402.44960293059,0.3620518146281218
1973-09-01,-200.0,79997.31776196514,-250.0,67654.76094226263,0.37048376857609244
1973-10-01,-200.0,82649.25257572027,-250.0,69978.39376285557,0.3888901756266405
1973-11-01,-200.0,76475.93090678583,-250.0,64832.15847424931,0.33404680601961967
1973-12-01,-200.0,70801.36210004079,-400.0,60252.01673120866,0.2830187246119532
1974-01-01,-200.0,71379.0729652688,-400.0,60973.448984717026,0.28431155163299304
1974-02-01,-200.0,68720.96644585046,-400.0,58931.99654193403,0.2585463099990918
1974-03-01,-200.0,70956.02570553157,-400.0,61077.17143479091,0.27349456266990807
1974-04-01,-200.0,67248.55178608168,-400.0,58113.71565944002,0.23877668773498875
1974-05-01,-200.0,64614.551681592005,-400.0,56064.677399478234,0.21320176882685998
1974-06-01,-200.0,64373.23883814346,-400.0,56081.75959603803,0.20704770918607665
1974-07-01,-200.0,56599.35841211562,-500.0,49634.94049587694,0.13799073020154487
1974-08-01,-200.0,53807.50638300783,-500.0,47511.22882133884,0.1119123783463276
1974-09-01,-200.0,47837.71766451368,-600.0,42663.39703561868,0.061137343286439653
1974-10-01,-200.0,48487.7275512609,-600.0,43664.73203665057,0.06544545780732917
1974-11-01,-200.0,49903.8816087618,-600.0,45359.917225107216,0.0762296219794413
1974-12-01,-200.0,46495.62977564198,-600.0,42680.21233640132,0.049082935861721445
1975-01-01,-200.0,50309.34388117497,-600.0,46597.386145884724,0.07884946120660945
1975-02-01,-200.0,55313.350246981056,-500.0,51546.940093625984,0.11686130376126563
1975-03-01,-200.0,57835.07801599682,-500.0,54210.576208393686,0.13496724189534323
1975-04-01,-200.0,58462.81187386493,-500.0,55111.50415202776,0.138559044654555
1975-05-01,-200.0,62024.514876218345,-500.0,58780.50172559309,0.16478485589518618
1975-06-01,-200.0,63334.2018265157,-500.0,60332.149704251155,0.17333858493860696
1975-07-01,-200.0,62893.1627439981,-500.0,60221.49598513322,0.16835084859930463
1975-08-01,-200.0,58376.060290153924,-500.0,56204.773433877075,0.13329710207726497
1975-09-01,-200.0,57550.29580438031,-500.0,55717.162070025784,0.12664561111905906
1975-10-01,-200.0,60072.40707040233,-500.0,58465.3077649387,0.1451590076083948
1975-11-01,-200.0,60847.59690415457,-500.0,59525.10971551106,0.15043728800658487
1975-12-01,-200.0,59906.27369154184,-500.0,58908.59250023557,0.14270391881861758
1976-01-01,-200.0,65500.299743752286,-500.0,64712.786252653576,0.1836292150016595
1976-02-01,-200.0,67985.85012251906,-400.0,67370.85734102158,0.2010722454834663
1976-03-01,-200.0,68400.45787751938,-400.0,67983.52377705714,0.20285743665930323
1976-04-01,-200.0,68896.11323333009,-400.0,68677.37696949574,0.20551680986300225
1976-05-01,-200.0,68138.95920187268,-500.0,68223.26177850306,0.19870369536066365
1976-06-01,-200.0,68380.59366307389,-500.0,68764.94775050507,0.19915802435423643
1976-07-01,-200.0,69824.94007926808,-400.0,70416.28839716181,0.20865207808475522
1976-08-01,-200.0,69060.58322421761,-400.0,69843.76439147095,0.20192450146962787
1976-09-01,-200.0,70485.72970610259,-400.0,71482.80464034923,0.2111218308972849
1976-10-01,-200.0,67927.62384878728,-500.0,69185.6832514108,0.19159365477883564
1976-11-01,-200.0,67544.68361356173,-500.0,69091.94662139709,0.18747983144302885
1976-12-01,-200.0,69841.26943084679,-400.0,71636.55945582529,0.2026471319652496
1977-01-01,-200.0,69085.87009758166,-500.0,71156.60130644958,0.1960723167599113
1977-02-01,-200.0,66740.07575150025,-500.0,69034.50111379861,0.17808024520436028
1977-03-01,-200.0,66228.13927659266,-500.0,68798.08931299456,0.17384734419179304
1977-04-01,-200.0,64863.99402310257,-500.0,67673.2481801539,0.16332990462200433
1977-05-01,-200.0,64552.876611445514,-500.0,67639.9943161389,0.16009755923069954
1977-06-01,-200.0,64671.53384923394,-500.0,68054.76149209657,0.15991438110057324
1977-07-01,-200.0,65143.51751322108,-500.0,68840.97371377578,0.1622903518761572
1977-08-01,-200.0,63542.89716658392,-500.0,67438.15263988794,0.15053775948675371
1977-09-01,-200.0,62551.13351644223,-500.0,66673.33245489972,0.14307555595332005
1977-10-01,-200.0,60935.28987273154,-500.0,65237.822414759285,0.13159657277856238
1977-11-01,-200.0,61189.130695164604,-500.0,65795.4648419946,0.13269647143740398
1977-12-01,-200.0,60894.18073737662,-500.0,65763.2549188234,0.13025156222416692
1978-01-01,-200.0,58402.05675817686,-500.0,63355.869789844684,0.11385908436289033
1978-02-01,-200.0,57414.51412416729,-500.0,62567.5967277891,0.10786928692367423
1978-03-01,-200.0,57058.64415983516,-500.0,62461.83617591528,0.10561042274208779
1978-04-01,-200.0,59291.267615910714,-500.0,65186.939754701074,0.11927079219878203
1978-05-01,-200.0,61917.96956863745,-500.0,68354.9426555627,0.13492456255615054
1978-06-01,-200.0,61610.28760186559,-500.0,68294.48222755261,0.13257902884892087
1978-07-01,-200.0,61047.57073691691,-500.0,67949.01703974989,0.1287764523225171
1978-08-01,-200.0,65165.310331853914,-500.0,72809.65827870906,0.15246033343020693
1978-09-01,-200.0,64876.026856058576,-500.0,72762.97841955301,0.14974902421854874
1978-10-01,-200.0,62453.251884092875,-500.0,70321.35378665269,0.13447612846838042
1978-11-01,-200.0,58735.10685286292,-500.0,66409.58571026985,0.11239114662966426
1978-12-01,-200.0,59538.95258177882,-500.0,67592.33146215345,0.11663241517172691
1979-01-01,-200.0,61426.76385871163,-500.0,70008.44006549686,0.12722868660169231
1979-02-01,-200.0,60013.69785552487,-500.0,68670.01935908398,0.11853625084474026
1979-03-01,-200.0,60743.06352808081,-500.0,69775.74025750223,0.12237799433556128
1979-04-01,-200.0,61455.635277794456,-500.0,70864.53297216042,0.1258506601399033
1979-05-01,-200.0,59472.41815393412,-500.0,68847.06388800162,0.11463671752383188
1979-06-01,-200.0,60176.399099595845,-500.0,69930.48742182362,0.11828937302464121
1979-07-01,-200.0,60302.8240073302,-500.0,70344.98642573168,0.11901743426764537
1979-08-01,-200.0,62665.07666097949,-500.0,73367.31661629576,0.13123103060906702
1979-09-01,-200.0,62885.27382793081,-500.0,73890.96315151804,0.13175278371982102
1979-10-01,-200.0,60228.38726051434,-500.0,71034.0866169791,0.11775919370741439
1979-11-01,-200.0,59415.99740264747,-500.0,70340.0618036829,0.11368223544770555
1979-12-01,-200.0,61321.25135048624,-500.0,72858.83912503457,0.12334381957526605
1980-01-01,-200.0,62393.039892835244,-500.0,74394.6546010596,0.128256973559484
1980-02-01,-200.0,64164.29444021766,-500.0,76768.14785517305,0.13652103962216278
1980-03-01,-200.0,57591.4424593559,-500.0,69164.89811473635,0.10456546195213925
1980-04-01,-200.0,56227.693094714654,-600.0,67886.90095294057,0.09828625049584515
1980-05-01,-200.0,58418.73912964282,-500.0,70790.80439493718,0.10890140108161799
1980-06-01,-200.0,61684.93904121149,-500.0,75006.3717181883,0.12423618354981124
1980-07-01,-200.0,64682.72601370077,-500.0,78908.36664448034,0.13793227561417098
1980-08-01,-200.0,66400.45090203329,-500.0,81259.88403304292,0.1454044546410321
1980-09-01,-200.0,67646.60146883604,-500.0,83040.14753403807,0.15079052973157506
1980-10-01,-200.0,69168.35088707057,-500.0,85162.67201139542,0.15704524876140533
1980-11-01,-200.0,71699.7417084001,-500.0,88533.16797235058,0.16754599265819067
1980-12-01,-200.0,70084.50472961347,-500.0,86791.75570888477,0.15985290929995727
1981-01-01,-200.0,69459.99781136573,-500.0,86270.69686991707,0.15647926041656046
1981-02-01,-200.0,66571.2450194921,-500.0,82934.40455477053,0.1433613068862467
1981-03-01,-200.0,68790.54190898415,-500.0,85950.04302751183,0.15255132236361418
1981-04-01,-200.0,69143.46694813193,-500.0,86641.1145517357,0.15384123666408647
1981-05-01,-200.0,67425.6419771209,-500.0,84737.95919465488,0.14602818146816324
1981-06-01,-200.0,67335.24348499114,-500.0,84872.99751457726,0.1453904189079483
1981-07-01,-200.0,65189.27373938459,-500.0,82416.00984982605,0.1361216513475878
1981-08-01,-200.0,65146.289225979,-500.0,82608.81492493319,0.13560355414274644
1981-09-01,-200.0,59091.93208957254,-500.0,75177.97132210522,0.1106833563690836
1981-10-01,-200.0,59912.0676565461,-500.0,76466.92054446418,0.11427652285463753
1981-11-01,-200.0,61466.03744414741,-500.0,78695.01814179025,0.12057259689588311
1981-12-01,-200.0,61918.07955639633,-500.0,79517.70786477668,0.12237539921201077
1982-01-01,-200.0,58680.96312155008,-500.0,75603.62360180484,0.10992779613620582
1982-02-01,-200.0,57298.1407628416,-500.0,74064.34034075061,0.10479277692168767
1982-03-01,-200.0,55705.49218600016,-600.0,72347.13890037422,0.09919124012033212
1982-04-01,-200.0,58423.64903620474,-500.0,76117.57842555383,0.10994863083658163
1982-05-01,-200.0,58125.74138449663,-500.0,75968.87665233715,0.10908813115412856
1982-06-01,-200.0,54301.80118519416,-600.0,71309.68839295565,0.09551994036303761
1982-07-01,-200.0,54075.39834457716,-600.0,71349.73176112001,0.09552807298087987
1982-08-01,-200.0,54313.073147648654,-600.0,71999.44174339651,0.09694578350336437
1982-09-01,-200.0,60676.76294035971,-500.0,80670.25953064005,0.12025043509634517
1982-10-01,-200.0,65781.52991190368,-500.0,87691.18789527073,0.13843921244309654
1982-11-01,-200.0,68799.10741663432,-500.0,91947.20753646352,0.1491296324516655
1982-12-01,-200.0,69930.35171442303,-500.0,93691.77764690694,0.15306549335786382
1983-01-01,-200.0,72440.64378765765,-500.0,97287.07698286418,0.16184175131084072
1983-02-01,-200.0,73821.24896033348,-500.0,99372.61819722939,0.16652479381980395
1983-03-01,-200.0,76584.37986743101,-500.0,103322.91242291206,0.1760367346934449
1983-04-01,-200.0,79144.3128934352,-500.0,107006.78821836607,0.18491261981073903
1983-05-01,-200.0,82058.38039979097,-500.0,111176.33358739348,0.19490667881421067
1983-06-01,-200.0,83158.0412941216,-500.0,112895.23407283239,0.1988937343412255
1983-07-01,-200.0,83323.83395504544,-500.0,113348.7942398119,0.19946992003198097
1983-08-01,-200.0,80986.40032843089,-500.0,110397.02025884643,0.1918349798701178
1983-09-01,-200.0,83166.06094766459,-500.0,113595.60462117006,0.19931083456950024
1983-10-01,-200.0,83366.06094766458,-400.0,113995.60462117006,0.20027567732297633
1983-11-01,-200.0,82160.90031284734,-500.0,112574.17359354341,0.19644010334534565
1983-12-01,-200.0,81882.4520388625,-500.0,112418.61944496405,0.19604489208842674
1984-01-01,-200.0,82590.47033474907,-500.0,113616.0914191698,0.19853290441593557
1984-02-01,-200.0,77892.48315258988,-500.0,107378.14505317138,0.1828257577807202
1984-03-01,-200.0,77991.00490481858,-500.0,107738.25291508685,0.18364577517380898
1984-04-01,-200.0,77911.22224928264,-500.0,107851.75584994232,0.18362669226364717
1984-05-01,-200.0,77392.4340476988,-500.0,107356.74425357688,0.1819194327711721
1984-06-01,-200.0,75643.00245959555,-500.0,105152.54414643388,0.17622541467799455
1984-07-01,-200.0,74567.70636187373,-500.0,103879.73470134215,0.1728501556708626
1984-08-01,-200.0,81021.57513835645,-500.0,113091.9542539365,0.19477377287715655
1984-09-01,-200.0,81669.27043140295,-500.0,114216.8586144659,0.197287075808582
1984-10-01,-200.0,80999.12599758283,-500.0,113499.93622435744,0.19523595825098078
1984-11-01,-200.0,81937.10005262574,-500.0,115034.02155739054,0.19832121890687698
1984-12-01,-200.0,81249.68878012769,-500.0,114288.15750575523,0.19631013510928996
1985-01-01,-200.0,84796.67049532422,-400.0,119396.11859678675,0.2082800388186125
1985-02-01,-200.0,89169.9114832326,-400.0,125672.16034482632,0.22277752793636188
1985-03-01,-200.0,88298.11453702816,-400.0,124561.61676078533,0.21979610628535515
1985-04-01,-200.0,88673.33195242219,-400.0,125208.79491017801,0.22112615605152186
1985-05-01,-200.0,90645.87949274603,-400.0,128111.67301973219,0.2276108309488537
1985-06-01,-200.0,92548.3271459904,-400.0,130917.77706225635,0.2338682181099828
1985-07-01,-200.0,94337.4226230532,-400.0,133565.69286810956,0.2398092545994982
1985-08-01,-200.0,92308.95355413872,-400.0,130810.56092843351,0.23280811746849212
1985-09-01,-200.0,90199.49141044592,-400.0,127937.83356204364,0.22546274881957076
1985-10-01,-200.0,91093.0400999878,-400.0,129321.5543726857,0.22818501386326276
1985-11-01,-200.0,96554.32373621866,-400.0,137190.81192612904,0.24628431545518045
1985-12-01,-200.0,101268.35709546304,-400.0,144004.65107545827,0.2621397727726884
1986-01-01,-200.0,101628.63938980743,-400.0,144632.5741556054,0.26362576687789324
1986-02-01,-200.0,107590.10497101727,-400.0,153231.99119909355,0.28384247555512715
1986-03-01,-200.0,114639.97815256924,-250.0,163237.71833917976,0.30802474367648913
1986-04-01,-200.0,117868.79320488591,-250.0,167800.49706069645,0.31951058994998544
1986-05-01,-200.0,117991.43050976677,-250.0,167940.36189818245,0.3207977722354688
1986-06-01,-200.0,120890.24505133141,-250.0,172031.6568875582,0.33149402767520403
1986-07-01,-200.0,118575.95204695566,-250.0,168703.7173171661,0.32443066991259795
1986-08-01,-200.0,120926.00851092234,-250.0,172012.7061901321,0.3335426551754747
1986-09-01,-200.0,117284.37327701613,-250.0,166798.1243279111,0.32204533695088583
1986-10-01,-200.0,116936.56906368825,-250.0,166269.05451043247,0.3219320802433523
1986-11-01,-200.0,120819.77113441331,-250.0,171756.10337182658,0.336472134565612
1986-12-01,-200.0,122634.69476441597,-250.0,174301.86165151876,0.34447921666518594
1987-01-01,-200.0,129855.49183639334,-250.0,184530.5875110646,0.3709381395715891
1987-02-01,-200.0,137612.91177355024,-250.0,195520.02657020307,0.3996842629556838
1987-03-01,-200.0,142856.2453106086,-200.0,202885.5802559697,0.4196060898247265
1987-04-01,-200.0,140741.61940988543,-200.0,199798.3300701436,0.41354329275714646
1987-05-01,-200.0,140346.7095290782,-200.0,199153.78954811543,0.4129515748333814
1987-06-01,-200.0,146002.96792877736,-200.0,207096.29053513493,0.4337051148374431
1987-07-01,-200.0,150021.3986456599,-200.0,212712.50123516363,0.4485326585835265
1987-08-01,-200.0,158722.33579006765,-200.0,224965.8190895109,0.47991566377548917
1987-09-01,-200.0,152965.20635662274,-200.0,216722.45479710464,0.4597042565764479
1987-10-01,-200.0,134336.6748179727,-250.0,190296.02508819738,0.3933899821779066
1987-11-01,-200.0,117558.98885399922,-250.0,166496.10604324876,0.3339158906333514
1987-12-01,-200.0,115838.77501440742,-250.0,164026.55111870402,0.32844848303539026
1988-01-01,-200.0,120293.44687842595,-250.0,170301.12408151332,0.34518044903088735
1988-02-01,-200.0,123822.23909407124,-250.0,175263.7420242938,0.35856639112220307
1988-03-01,-200.0,127121.4929458953,-250.0,179900.56971799443,0.3710066333347461
1988-04-01,-200.0,125195.13255604677,-250.0,177141.37405253493,0.3645118565221377
1988-05-01,-200.0,121881.02410276825,-250.0,172419.1839419912,0.3530268787848318
1988-06-01,-200.0,128482.56247615584,-250.0,181725.13034905592,0.3775726498606618
1988-07-01,-200.0,127384.84726440578,-250.0,180139.64807452547,0.37351108589699883
1988-08-01,-200.0,124502.96994394861,-250.0,176031.45078624293,0.3628515687628165
1988-09-01,-200.0,125888.86310445104,-250.0,177958.15370838775,0.36828591288399176
1988-10-01,-200.0,130071.00617213773,-250.0,183837.3635578738,0.3837151223958631
1988-11-01,-200.0,127163.92276363034,-250.0,179695.93122422614,0.37330534016961125
1988-12-01,-200.0,129729.23774403406,-250.0,183288.36883392703,0.3827468045834536
1989-01-01,-200.0,133442.02709546557,-250.0,188501.42451418506,0.39695166908068874
1989-02-01,-200.0,137098.12035640323,-200.0,193583.53337539526,0.41095292352649315
1989-03-01,-200.0,135909.76251575316,-200.0,191823.16210492275,0.40699086174915033
1989-04-01,-200.0,139655.91399469748,-200.0,197028.20351918685,0.4216480810464298
1989-05-01,-200.0,144394.09990798938,-200.0,203630.72950004818,0.4400907079925036
1989-06-01,-200.0,148743.2533103722,-200.0,209682.0429171006,0.45684905531016
1989-07-01,-200.0,152343.7206555204,-200.0,214675.65152747405,0.4711962500129977
1989-08-01,-200.0,159035.7775253383,-200.0,224023.95466911106,0.4972776683880042
1989-09-01,-200.0,159046.27682931328,-200.0,223957.0166505303,0.4983941715492187
1989-10-01,-200.0,158532.06949298366,-200.0,223151.32354344823,0.497943457227671
1989-11-01,-200.0,155075.87054476552,-200.0,218204.8214064207,0.486209440718377
1989-12-01,-200.0,158854.24078415107,-150.0,223389.88995878954,0.5021842197996716
1990-01-01,-200.0,153539.76624602603,-200.0,215835.12147309227,0.4834302520375854
1990-02-01,-200.0,148741.65904262007,-200.0,209009.14311088683,0.46674312597786355
1990-03-01,-200.0,151717.92018994965,-200.0,213110.296070927,0.48013508140456507
1990-04-01,-200.0,151557.12515489708,-200.0,212803.50599204437,0.4816556980766379
1990-05-01,-200.0,156802.2855868013,-150.0,220037.48721103536,0.5046198349612865
1990-06-01,-200.0,160672.06858992283,-150.0,225337.21973945326,0.5217673739478809
1990-07-01,-200.0,160095.1838977868,-150.0,224397.66485838132,0.520983671348787
1990-08-01,-200.0,145934.7574130428,-200.0,204469.35061999434,0.4659527896914702
1990-09-01,-200.0,138212.9739406558,-200.0,193570.1310025133,0.43664814211324493
1990-10-01,-200.0,133974.49226159012,-200.0,187553.94553473016,0.42151861323750156
1990-11-01,-200.0,137428.66058431866,-200.0,192309.52994530718,0.43776511571827215
1990-12-01,-200.0,143495.42988684462,-200.0,200719.13951342274,0.46492186442445893
1991-01-01,-200.0,141429.08781252615,-200.0,197749.01603730238,0.4586373245152568
1991-02-01,-200.0,157371.47263537542,-150.0,219910.33744895956,0.5274895256245165
1991-03-01,-200.0,161686.03477043964,-150.0,225810.0119765225,0.5470789996542267
1991-04-01,-200.0,164856.14868859397,-150.0,230108.06013901404,0.5623466395374261
1991-05-01,-200.0,163837.2899692092,-150.0,228556.76347684985,0.5590281285010379
1991-06-01,-200.0,163686.25600898574,-150.0,228217.06308059563,0.5598243439691682
1991-07-01,-200.0,164482.45569586786,-150.0,229198.3053905324,0.5647884684913809
1991-08-01,-200.0,168157.15171775912,-150.0,234190.12536820376,0.5814017347806502
1991-09-01,-200.0,166674.91616022986,-150.0,231997.2993147638,0.5759059436675545
1991-10-01,-200.0,166494.48101498093,-150.0,231617.7659674824,0.575727283397572
1991-11-01,-200.0,165799.5680947929,-150.0,230522.81340181307,0.5740198074993655
1991-12-01,-200.0,166991.82562029266,-150.0,232052.418903961,0.5804816202536737
1992-01-01,-200.0,178783.28023004328,-100.0,248259.94435208826,0.6329295007608199
1992-02-01,-200.0,176830.87441525116,-100.0,245371.09580251563,0.6262719445717391
1992-03-01,-200.0,173924.9283061002,-100.0,241161.27489128563,0.6156151661977264
1992-04-01,-200.0,173896.17759842644,-100.0,240944.09314608,0.6176566403418491
1992-05-01,-200.0,177002.60856763468,-100.0,245071.13608537175,0.6331188646949887
1992-06-01,-200.0,173789.60727983018,-100.0,240445.62322524076,0.6204572577184667
1992-07-01,-200.0,176499.58850752327,-100.0,244018.29348454205,0.6339525199096506
1992-08-01,-200.0,177418.87402678185,-100.0,245112.73673747998,0.6392226154451065
1992-09-01,-200.0,177349.53894492326,-100.0,244840.63732372873,0.6402393608057321
1992-10-01,-200.0,174398.1312813047,-100.0,240589.94847831325,0.6281231113964092
1992-11-01,-200.0,178718.59879239046,-100.0,246374.31595929066,0.6473844745866907
1992-12-01,-200.0,184458.74773634746,-100.0,254111.7438241185,0.6730817019864731
1993-01-01,-200.0,183580.32727188765,-100.0,252726.1037655012,0.6685669655712269
1993-02-01,-200.0,185858.644810107,-100.0,255687.2223920291,0.6773576876935831
1993-03-01,-200.0,188958.2437707858,-100.0,259776.2238456029,0.6892784753537965
1993-04-01,-200.0,185669.38371732275,-100.0,255079.80495363963,0.6740827403404578
1993-05-01,-200.0,186520.35869072194,-100.0,256074.13963564174,0.6771816500091019
1993-06-01,-200.0,187638.3686590615,-100.0,257434.47719058546,0.6816792521193642
1993-07-01,-200.0,187515.0205013215,-100.0,257090.8527627394,0.6803987664569086
1993-08-01,-200.0,190056.5920777412,-100.0,260401.24429178753,0.6907204303282969
1993-09-01,-200.0,191998.04005843296,-100.0,262887.24530382326,0.6984512047919685
1993-10-01,-200.0,193347.5698983339,-50.0,264511.202688566,0.703896624468382
1993-11-01,-200.0,192994.99635980176,-50.0,263805.24857273273,0.701820057144113
1993-12-01,-200.0,194470.46535505867,-50.0,265598.68970689183,0.7074379311790895
1994-01-01,-200.0,197067.99951630182,-50.0,268923.1300214716,0.7174543820506627
1994-02-01,-200.0,196010.8724582442,-50.0,267257.6280418639,0.7111198766163969
1994-03-01,-200.0,192326.95826204724,-100.0,262061.97437441314,0.693253981230605
1994-04-01,-200.0,185399.99094055183,-100.0,252450.8701982204,0.6618090633327856
1994-05-01,-200.0,186994.82345167306,-100.0,254450.1512037207,0.6679630041529686
1994-06-01,-200.0,188187.5538182959,-100.0,255900.99283253722,0.6716846899800505
1994-07-01,-200.0,186465.0843022848,-100.0,253386.7824458475,0.6619589711604733
1994-08-01,-200.0,191196.55618939572,-100.0,259644.5845111255,0.6793860276479909
1994-09-01,-200.0,192001.0013439487,-100.0,260565.4199599513,0.6797325590659601
1994-10-01,-200.0,190779.55428282596,-100.0,258736.36777876617,0.6713503379763823
1994-11-01,-200.0,189573.92152386066,-100.0,256930.04025927538,0.663102780076105
1994-12-01,-200.0,187381.24469864884,-100.0,253787.23899163512,0.649676834648433
1995-01-01,-200.0,190957.3097402674,-100.0,258459.74691229968,0.6604266934419007
1995-02-01,-200.0,197212.43480239,-100.0,266755.3278681017,0.6811658708429792
1995-03-01,-200.0,201341.93099185915,-100.0,272170.4797520518,0.6924664370626873
1995-04-01,-200.0,206886.33410601708,-50.0,279444.9498482859,0.7085475875481617
1995-05-01,-200.0,213142.09127647898,-50.0,287674.5658007149,0.7256555943820007
1995-06-01,-200.0,219233.11853078156,-50.0,295675.5936683329,0.7413089939965225
1995-07-01,-200.0,226758.07569346216,-50.0,305604.6259613785,0.7608385413896861
1995-08-01,-200.0,227070.59820221213,-50.0,305806.27391964244,0.7520261682503624
1995-09-01,-200.0,234794.89308624403,-50.0,315989.5831220489,0.7715013795187922
1995-10-01,-200.0,235908.2952825635,-50.0,317268.849974679,0.7656531541108289
1995-11-01,-200.0,241369.67696502755,-50.0,324394.7881636003,0.7755163133755286
1995-12-01,-200.0,249447.85427368275,-50.0,335032.86074707884,0.7946765397754268
1996-01-01,-200.0,248134.0772483414,-50.0,333049.71017615084,0.7793588733148527
1996-02-01,-200.0,261670.74039242056,0.0,350950.4025925618,0.8171964894027215
1996-03-01,-200.0,259536.9904165864,-50.0,347870.3984799846,0.7993081882609465
1996-04-01,-200.0,258780.11802424508,-50.0,346637.85459333484,0.7867717585866578
1996-05-01,-200.0,264094.5504440574,-50.0,353538.6741037434,0.7951045077042279
1996-06-01,-200.0,267028.7481269828,-50.0,357248.89587633836,0.7945355075693477
1996-07-01,-200.0,256978.58647675192,-50.0,343585.54494396003,0.7513036984967316
1996-08-01,-200.0,264098.9659636328,-50.0,352888.23167486035,0.7649647765277704
1996-09-01,-200.0,268309.67276381684,-50.0,358297.3258512388,0.7688249584808579
1996-10-01,-200.0,278196.69323663093,-50.0,371283.24983460834,0.7897721478785502
1996-11-01,-200.0,291412.3172304131,0.0,388653.9925232221,0.819190289828459
1996-12-01,-200.0,294614.0566178208,0.0,392657.38540832046,0.8165835921425488
1997-01-01,-200.0,302964.3614109554,0.0,403519.9946371278,0.8292920863943696
1997-02-01,-200.0,314896.2783240602,0.0,419145.80299231515,0.8514977661393301
1997-03-01,-200.0,311856.33736892015,0.0,414833.24756766076,0.8292577522122223
1997-04-01,-200.0,300567.4531517505,-50.0,399600.6620318111,0.784251804354331
1997-05-01,-200.0,328183.326523647,0.0,436049.7220837622,0.8504237000858618
1997-06-01,-200.0,344971.070932846,0.0,458089.480825456,0.8821427744318106
1997-07-01,-200.0,364008.12529232976,48310.3336127823,434793.0025150407,0.9175428705003954
1997-08-01,-200.0,364293.0235348884,48321.60111517076,386572.80892136594,0.9014956007897066
1997-09-01,-200.0,367422.63409566495,0.0,389681.5914408221,0.8933355162290328
1997-10-01,-200.0,372243.7803446464,0.0,394582.69294486014,0.8898417165614992
1997-11-01,-200.0,367881.45552259305,0.0,389746.5761057601,0.8638160317698954
1997-12-01,-200.0,377737.3964387264,0.0,399976.42013471894,0.8743972474058194
1998-01-01,-200.0,377624.5999489578,0.0,399645.20797148626,0.860282849312269
1998-02-01,-200.0,400748.0938523347,52988.18134856542,370917.2694399578,0.9010570214552459
1998-03-01,-200.0,420950.0249922511,55632.899990580816,333797.39994348475,0.9318303967361768
1998-04-01,-200.0,434174.4123964558,57354.20750662155,286771.0375331076,0.9444753404082685
1998-05-01,-200.0,432101.1856210248,57053.91546622233,228215.66186488903,0.9221671028866885
1998-06-01,-200.0,431759.4070119213,56982.3799278026,170947.13978340756,0.9048670632144113
1998-07-01,-200.0,450179.9434674163,59387.07456545002,118774.1491308998,0.9283672461399866
1998-08-01,-200.0,417966.8604120535,0.0,110222.37685300276,0.8443657188235163
1998-09-01,-200.0,396686.24138298404,-4360.3059353319695,108918.0114712745,0.7875260929557748
1998-10-01,-200.0,400504.93388273113,-4316.702875978663,114228.29756260326,0.7844400577483063
1998-11-01,-200.0,444135.025207603,0.0,126615.02485441006,0.8602618330625725
1998-12-01,-200.0,462322.29172502,0.0,131742.87577339823,0.8813782410067724
1999-01-01,-200.0,484152.9883081554,63691.52251277852,74215.21389172031,0.9076482868743398
1999-02-01,-200.0,482914.8608214399,0.0,73994.76510464762,0.8890186334882075
1999-03-01,-200.0,495200.5353855166,0.0,75846.59598220418,0.8956451784963231
1999-04-01,-200.0,512193.7518281738,67298.95752165857,11119.74453021361,0.9099253729045893
1999-05-01,-200.0,511360.7171461754,0.0,11097.317310604483,0.8912792976666822
1999-06-01,-200.0,507907.7700847794,0.0,11018.042717739027,0.8688075697885442
1999-07-01,-200.0,528960.3236221308,0.0,11470.39713950762,0.8885334945938405
1999-08-01,-200.0,507449.33261289797,0.0,10999.598710879014,0.836092924369311
1999-09-01,-200.0,501687.1420105941,0.0,10870.360775486663,0.8122444909106133
1999-10-01,-200.0,494092.2403848321,-5583.440647563199,16284.904543329434,0.7862649205393722
1999-11-01,-200.0,528560.9178466588,0.0,17414.374095122712,0.8268299363828097
1999-12-01,-200.0,543079.1006587008,0.0,17886.11194677294,0.8337929107073195
2000-01-01,-200.0,540498.4293976756,0.0,17794.53155378498,0.813764006510782
2000-02-01,-200.0,523676.0228854178,-5527.606241087604,22761.718497926082,0.7728159645238448
2000-03-01,-200.0,539541.579159563,-5472.330178676697,28914.95627298427,0.7808424263489476
2000-04-01,-200.0,546584.9089516894,-5417.606876889942,34699.30890097864,0.7752523195478606
2000-05-01,-200.0,530128.1135077178,-5363.430808121047,39005.30237238414,0.7368401119205855
2000-06-01,-200.0,543726.3216345621,-5309.796500039811,45300.900503991455,0.7411203503899657
2000-07-01,-200.0,546763.3359348631,-5256.698535039439,50793.966670011076,0.7306034910754828
2000-08-01,-200.0,551588.4588326196,-5204.131549689046,56427.76919957968,0.7231062168013148
2000-09-01,-200.0,542500.7486710545,-10304.180468384293,65781.81237448516,0.6977636867968576
2000-10-01,-200.0,513022.9070389495,-10098.09685901663,72281.27418146691,0.6482909652965977
2000-11-01,-200.0,508466.0947602329,-9896.134921836318,81507.2081282002,0.6318233621141309
2000-12-01,-200.0,491565.76660730684,-9698.212223399547,88464.23461633788,0.6013195170365463
2001-01-01,-200.0,490403.2925572291,-19008.495957863168,107227.53403649943,0.5909696938200288
2001-02-01,-200.0,477722.86074321915,-18248.1561195486,122659.36130650145,0.5674425136283053
2001-03-01,-200.0,433070.85250243044,-17518.229874766665,128661.46093878806,0.5080559827408984
2001-04-01,-200.0,433009.2743190754,-16817.500679776014,145401.2490894809,0.502250167412933
2001-05-01,-200.0,460434.0286224017,-16144.800652584963,170687.9169412911,0.5279451157799961
2001-06-01,-200.0,448403.3438014351,-15499.008626481576,181652.8772892335,0.5087966234832514
2001-07-01,-200.0,437429.02367237303,-22318.572422133468,199444.6159326831,0.4915217554112877
2001-08-01,-200.0,428205.32325363264,-20979.45807680546,216127.3625226713,0.476964524236215
2001-09-01,-200.0,378064.2898617871,-19720.69059219712,210439.5068339039,0.4184752880308338
2001-10-01,-200.0,391141.7245108871,-18537.4491566653,236144.84005027005,0.4302240384289966
2001-11-01,-200.0,411323.87042755645,-17425.202207265393,265633.9064675059,0.4493730733975288
2001-12-01,-200.0,418728.456038025,-16379.690074829457,286666.33458595787,0.454207165493419
2002-01-01,-200.0,416261.06116137485,-15396.90867033969,300237.11393273127,0.4485631848689367
2002-02-01,-200.0,400442.93344720354,-14473.094150119316,303156.7939295045,0.42901163123831765
2002-03-01,-200.0,417621.7736983304,-13604.708501112153,329615.3958202761,0.4444144706161214
2002-04-01,-200.0,400432.08115652465,-12788.425991045428,328678.69838300935,0.4238660678490411
2002-05-01,-200.0,388862.4085650411,-12021.12043158269,331039.15262473485,0.40947770082402346
2002-06-01,-200.0,365356.992799028,-15066.470940916974,325925.1675098553,0.3830722006083631
2002-07-01,-200.0,325406.7813212161,-13861.153265643617,303969.3947021552,0.3400626552458138
2002-08-01,-200.0,327742.38501045643,-12752.26100439213,318716.5685295265,0.34129589591950743
2002-09-01,-200.0,311358.5200789362,-11732.080124040758,314321.492796803,0.32313831237691787
2002-10-01,-200.0,306321.4571405255,-10793.513714117498,319828.1062511982,0.3170371974489579
2002-11-01,-200.0,326343.4525926371,-9930.0326169881,350454.14667236834,0.3365322394259882
2002-12-01,-200.0,323400.0802509143,-9135.630007629052,356214.16775345005,0.33249852801936797
2003-01-01,-200.0,320979.6604988828,-8404.779607018729,361732.6443007714,0.3293021984101694
2003-02-01,-200.0,297815.2906176385,-7732.397238457226,343134.2289063415,0.3049233920050767
2003-03-01,-200.0,299632.7669897906,-7113.805459380652,352111.64421121264,0.30627146090763635
2003-04-01,-200.0,315877.6788803983,-6544.701022630201,377511.42695198616,0.32214128994814994
2003-05-01,-200.0,332922.1494774855,-6021.124940819784,403663.6993480362,0.3384017594654454
2003-06-01,-200.0,351250.33067048824,-5539.434945554203,431183.31402721256,0.3556694559718281
2003-07-01,-200.0,352679.7139754123,-5096.280149909857,437788.7445503478,0.3557186079728143
2003-08-01,-200.0,350476.7653039962,-4688.577737917076,439494.49157702207,0.35182383307857806
2003-09-01,-200.0,360099.8215168363,-4313.491518883704,455624.40492281836,0.35977664126049974
2003-10-01,-200.0,367510.65505380556,-3968.412197373007,468716.48656673543,0.3654651058577031
2003-11-01,-200.0,372669.90698322916,-3650.939221583176,478692.3665985882,0.36885190988602057
2003-12-01,-200.0,384198.5544617228,-3358.864083856519,496602.8136523175,0.3781406803845981
2004-01-01,-200.0,400886.10081961326,-3090.154957147999,521004.2458552188,0.3919246191167839
2004-02-01,-200.0,402748.59297175356,-2842.94256057615,526007.8157565664,0.3911000491225293
2004-03-01,-200.0,393588.0701970042,-2615.507155730069,516398.05825586396,0.3797085029187043
2004-04-01,-200.0,395805.1762249262,-2406.2665832716593,521450.8218114492,0.3792953955008794
2004-05-01,-200.0,383085.47575144214,-2213.7652566099277,506643.616059768,0.36477000726405673
2004-06-01,-200.0,392454.97657050955,-2036.6640360811289,520807.2578762586,0.37153684353056643
2004-07-01,-200.0,383939.09825107676,-1873.7309131946386,511114.5851036246,0.3613328420052766
2004-08-01,-200.0,378069.1424451568,-1723.832440139071,504757.85748235707,0.35353814708082143
2004-09-01,-200.0,387422.0986822724,-1585.9258449279441,518563.8406162674,0.3603887082679207
2004-10-01,-200.0,385438.1691606438,-1459.051777333705,517099.70632800774,0.35658840356538474
2004-11-01,-200.0,403273.1336157409,-1342.3276351470122,542100.9127936913,0.3715919082751343
2004-12-01,-200.0,415438.2219404221,-1234.9414243352512,559419.9539553706,0.38089703270994524
2005-01-01,-200.0,408612.79378254275,-1136.1461103884358,551095.8133395144,0.3728213453114972
2005-02-01,-200.0,412735.5954006328,-1045.254421557358,557431.7477916179,0.37469390313904855
2005-03-01,-200.0,408117.413233458,-961.6340678327688,551886.0494738839,0.3691377441188201
2005-04-01,-200.0,395253.4279692444,-884.7033424061519,535104.6817689184,0.35617703165188325
2005-05-01,-200.0,400567.6509839699,-813.9270750136493,542842.3809990541,0.35991002099227754
2005-06-01,-200.0,408705.26949996524,-748.8129090125585,554348.1177987017,0.3660726454470337
2005-07-01,-200.0,413786.78279850783,-688.9078762915597,561658.0749028812,0.3692185834174843
2005-08-01,-200.0,412563.6124363462,-633.7952461882378,560360.1140874946,0.3664055635739392
2005-09-01,-200.0,408332.674106259,-583.091626493173,554924.9311174965,0.36099275784605217
2005-10-01,-200.0,396423.9280770947,-536.4442963737238,539005.5650360687,0.34864533289043886
2005-11-01,-200.0,415059.3114975665,-6419.10940829778,570490.7049067747,0.3637662811560648
2005-12-01,-200.0,425265.93473314395,-250.0,584494.6079882492,0.3710809623399527
2006-01-01,-200.0,427819.46854784666,-250.0,587979.3552653264,0.3714659039291444
2006-02-01,-200.0,426463.5426168751,-250.0,586090.9478458639,0.368399812288534
2006-03-01,-200.0,429992.710832134,-250.0,590916.2401272309,0.3696424827404315
2006-04-01,-200.0,429343.41942211177,-250.0,589999.1038615684,0.3671092677156113
2006-05-01,-200.0,423433.5658587757,-250.0,581853.0088848579,0.36002819139259196
2006-06-01,-200.0,410730.5074376134,-250.0,564372.5218108258,0.3471229987252419
2006-07-01,-200.0,412030.5466161879,-250.0,566134.0527880982,0.3468991658649809
2006-08-01,-200.0,420202.9421941507,-250.0,577338.203289921,0.3526497855073092
2006-09-01,-200.0,432508.7700297801,-250.0,594221.0161290327,0.36243540670207025
2006-10-01,-200.0,450128.3192767449,-250.0,618403.6227518498,0.3769102409575604
2006-11-01,-200.0,459351.3442411647,-250.0,631049.8019905682,0.38369248409791357
2006-12-01,-200.0,468044.7274608332,-250.0,642967.8810463855,0.389917852714942
2007-01-01,-200.0,469368.62699127843,-250.0,644761.817463573,0.3901071570903227
2007-02-01,-200.0,473838.76254198496,-250.0,650877.6129176447,0.3932753312588437
2007-03-01,-200.0,457460.2179434871,-250.0,628354.8801086381,0.3780850828187455
2007-04-01,-200.0,473022.53993059014,-250.0,649706.1466489099,0.39136684654984155
2007-05-01,-200.0,485606.57560607407,-200.0,666915.8732887058,0.40203406464579117
2007-06-01,-200.0,485846.2776850284,-200.0,667170.3987996592,0.40217214728334694
2007-07-01,-200.0,488262.14794334496,-200.0,670413.2605273923,0.40436326953756707
2007-08-01,-200.0,468099.15721412,-250.0,642703.6509890078,0.3862023546936706
2007-09-01,-200.0,480653.5638511805,-250.0,659916.3438908657,0.39755464417955594
2007-10-01,-200.0,493453.81578521716,-200.0,677415.939303806,0.40877701956968027
2007-11-01,-200.0,466441.31227405206,-250.0,640308.4743554597,0.3833009143175642
2007-12-01,-200.0,472004.0309744386,-250.0,647920.159821743,0.38836949776878577
2008-01-01,-200.0,437972.86728507694,-250.0,601181.0249986622,0.35632078141917845
2008-02-01,-200.0,429337.55287354504,-250.0,589303.2797183755,0.34833527281186744
2008-03-01,-200.0,413931.1516004212,-250.0,568132.1312693328,0.3337269941088253
2008-04-01,-200.0,428359.9890287478,-250.0,587911.6102717821,0.3475327339756891
2008-05-01,-200.0,435133.9271106184,-250.0,597184.1488433764,0.3541379526107343
2008-06-01,-200.0,411966.9150941929,-250.0,565364.9206986021,0.3321190478679628
2008-07-01,-200.0,384373.06101448473,-250.0,527471.8817021577,0.3058035570309398
2008-08-01,-200.0,393524.2922615849,-250.0,540005.5801928829,0.31518639967925655
2008-09-01,-200.0,374428.44070577674,-400.0,513927.2465306154,0.2969444946662506
2008-10-01,-200.0,301318.9034067459,-400.0,413705.16617393197,0.22505841842303728
2008-11-01,-200.0,280209.46272780874,-400.0,384847.7063946731,0.20442899140001033
2008-12-01,-200.0,281579.2943935647,-400.0,386854.3867296316,0.20663686142930499
2009-01-01,-200.0,276731.73231973517,-400.0,380319.67395269766,0.20272335364701827
2009-02-01,-200.0,256363.81903361605,-500.0,352552.6515577877,0.1830299856810627
2009-03-01,-200.0,240665.32037225334,-500.0,331188.9662687322,0.16779752310213353
2009-04-01,-200.0,269126.28036923055,-500.0,370579.9793681001,0.1990783764640507
2009-05-01,-200.0,285719.5445738627,-400.0,393553.08334885485,0.21855982855588826
2009-06-01,-200.0,290929.0479490035,-400.0,400853.225592444,0.22598363938261995
2009-07-01,-200.0,294641.92636821995,-400.0,406093.4045136765,0.2321750860046437
2009-08-01,-200.0,317402.8009345596,-400.0,437588.17257462506,0.2599445100907921
2009-09-01,-200.0,328341.9376178967,-400.0,452793.71046671027,0.2749931694942146
2009-10-01,-200.0,335483.53787140263,-400.0,462766.39240361034,0.2860799012306531
2009-11-01,-200.0,341856.11380736873,-400.0,471680.85101415263,0.2957066643034502
2009-12-01,-200.0,349679.64817952545,-250.0,482449.53134531894,0.3067555947126405
2010-01-01,-200.0,352831.28499672597,-250.0,486771.87529376877,0.31165915854921117
2010-02-01,-200.0,342137.2275672632,-400.0,472142.2535170411,0.29934481745601804
2010-03-01,-200.0,360614.60771128547,-250.0,497614.65772878315,0.3225620976861084
2010-04-01,-200.0,374334.8063960406,-250.0,516521.275894196,0.3401608512913759
2010-05-01,-200.0,351670.11007514555,-250.0,485221.7060577562,0.3123800102022866
2010-06-01,-200.0,339166.6703043786,-400.0,468093.9590534505,0.2967070990857482
2010-07-01,-200.0,338180.287905468,-400.0,466856.5975946757,0.29542124071040954
2010-08-01,-200.0,340254.856501579,-400.0,469844.43239178497,0.2978994941569346
2010-09-01,-200.0,351140.62742459105,-250.0,484849.9895221442,0.3118273692854216
2010-10-01,-200.0,366373.7854381485,-250.0,505857.5605238745,0.33160581109945125
2010-11-01,-200.0,374957.4291612527,-250.0,517682.9781182285,0.34246628241187377
2010-12-01,-200.0,387827.338867828,-250.0,535425.6214939335,0.3588393181753238
2011-01-01,-200.0,398963.2095982039,-250.0,550773.43641199,0.37263920218279284
2011-02-01,-200.0,409121.3854596322,-250.0,564770.8161393523,0.3847948435002329
2011-03-01,-200.0,400271.2790680257,-250.0,552527.6144769819,0.3712354042685878
2011-04-01,-200.0,406146.77215359354,-250.0,560611.967875634,0.3769668812028285
2011-05-01,-200.0,406509.8057704724,-250.0,561087.0062190478,0.375206110929512
2011-06-01,-200.0,391632.5041773995,-250.0,540526.4921979038,0.3525846527089147
2011-07-01,-200.0,403005.0710524304,-250.0,556196.7351996731,0.36477503926284566
2011-08-01,-200.0,359676.3812676231,-250.0,496371.7711735272,0.3037156440742027
2011-09-01,-200.0,355867.3899689725,-400.0,491239.15848287113,0.2952629522647673
2011-10-01,-200.0,366931.0906466869,-250.0,506485.4052010533,0.30628319735489573
2011-11-01,-200.0,373281.43495149334,-250.0,515224.9001137243,0.3108184137376486
2011-12-01,-200.0,379559.7168094482,-250.0,523864.5007471842,0.3148848928489053
2012-01-01,-200.0,395500.9214789904,-250.0,545840.3529916911,0.3316465530931735
2012-02-01,-200.0,409684.8557043766,-250.0,565389.9176178707,0.34598430248866563
2012-03-01,-200.0,417844.15145090845,-250.0,576624.2278840895,0.35198674020484433
2012-04-01,-200.0,415942.805886599,-250.0,573974.374531278,0.34521751098430564
2012-05-01,-200.0,403066.7531312513,-250.0,556180.2610248771,0.3243802446935834
2012-06-01,-200.0,398504.9488908021,-250.0,549859.5838235749,0.31461853605492696
2012-07-01,-200.0,410303.2256416293,-250.0,566112.9575458622,0.3256313778126047
2012-08-01,-200.0,421337.5982776009,-250.0,581311.6061374308,0.33566990810719655
2012-09-01,-200.0,431611.5157742365,-250.0,595460.4017445745,0.3447035985167212
2012-10-01,-200.0,430305.5696502279,-250.0,593632.7665304184,0.33963107029731515
2012-11-01,-200.0,419530.42998332484,-250.0,578741.8922702566,0.3226591864565711
2012-12-01,-200.0,429242.4228411737,-250.0,592113.6788020022,0.33119429154674856
2013-01-01,-200.0,445662.8171683118,-250.0,614738.7210755255,0.3478602406885594
2013-02-01,-200.0,451769.899632761,-250.0,623136.8370492927,0.35165292460186515
2013-03-01,-200.0,462269.04060915235,-250.0,637592.6841798124,0.3610572638267888
2013-04-01,-200.0,468880.31340170687,-250.0,646685.5446565322,0.36567283406463763
2013-05-01,-200.0,488849.7858274434,-250.0,674201.8462644154,0.3866329402179568
2013-06-01,-200.0,481612.5705948226,-250.0,664194.7399175003,0.3741930521732214
2013-07-01,-200.0,496467.255964905,-250.0,684655.1030438887,0.38878881234313784
2013-08-01,-200.0,496489.0513266777,-250.0,684659.3492434466,0.3854720633487961
2013-09-01,-200.0,501182.92240627506,-250.0,691106.4060379914,0.3876425703218708
2013-10-01,-200.0,512464.39976037503,-250.0,706637.2139933255,0.3979764697658919
2013-11-01,-200.0,532673.2421444602,-200.0,734427.4088324845,0.4196206114789674
2013-12-01,-200.0,540160.6242650604,-200.0,744674.9440652627,0.4255901799982322
2014-01-01,-200.0,542699.1987476104,-200.0,748098.9440085292,0.4256163982254074
2014-02-01,-200.0,539320.3399162379,-200.0,743365.5655943286,0.418298916398042
2014-03-01,-200.0,549777.1493157002,-200.0,757702.9128369872,0.428321742640604
2014-04-01,-200.0,548388.0405136703,-200.0,755712.80295408,0.42363974679194183
2014-05-01,-200.0,554157.4021148789,-200.0,763587.7293845903,0.4276160734770154
2014-06-01,-200.0,570105.145668369,-200.0,785486.9500339025,0.4444199595738912
2014-07-01,-200.0,578145.7744396614,-200.0,796489.7144479832,0.4513249401479603
2014-08-01,-200.0,575916.1502544694,-200.0,793342.5124808755,0.44552244241951944
2014-09-01,-200.0,584984.192881609,-200.0,805758.5186051938,0.45349203032123553
2014-10-01,-200.0,570192.2717939577,-200.0,785308.6134049748,0.4322311016217011
2014-11-01,-200.0,605242.1989799571,-200.0,833506.3667059722,0.4720909905545098
2014-12-01,-200.0,611779.252836851,-200.0,842433.4097720069,0.47672592485049187
2015-01-01,-200.0,607065.8286894041,-200.0,835867.5172723903,0.46813057938563674
2015-02-01,-200.0,620740.0910410935,-200.0,854620.1975365696,0.4821506217873184
2015-03-01,-200.0,616612.0584278655,-200.0,848861.4651455974,0.4743808418948135
2015-04-01,-200.0,619961.7347015117,-200.0,853397.4796296449,0.4758465378374961
2015-05-01,-200.0,622046.8955111757,-200.0,856192.4647611685,0.47611231992775505
2015-06-01,-200.0,616361.8127570817,-200.0,848292.1695182984,0.467062493311367
2015-07-01,-200.0,615008.4528641291,-200.0,846354.296914314,0.46337890267268855
2015-08-01,-200.0,600121.2764296413,-200.0,825791.8235789206,0.443804800679382
2015-09-01,-200.0,573127.2431459916,-200.0,788571.7033169393,0.41003355994983326
2015-10-01,-200.0,597295.9096175373,-200.0,821750.4394906928,0.43852857702469505
2015-11-01,-200.0,615257.3993965834,-200.0,846386.4213832971,0.4600014908060432
2015-12-01,-200.0,609692.2553707632,-200.0,838655.5299782379,0.4525017502867729
2016-01-01,-200.0,568739.2849387191,-200.0,782248.0104897761,0.40123379512579105
2016-02-01,-200.0,564270.4493107012,-250.0,776076.4611471554,0.3948870801301756
2016-03-01,-200.0,596724.5177025164,-200.0,820637.499875475,0.43491285557087395
2016-04-01,-200.0,609850.6884016338,-200.0,838614.0451502168,0.4508482686894198
2016-05-01,-200.0,604669.2455833437,-200.0,831413.9493293547,0.44380708999499036
2016-06-01,-200.0,608242.5563060194,-200.0,836252.2166312565,0.4479997943066207
2016-07-01,-200.0,628433.90673986,-200.0,863937.6514145149,0.4729435459612322
2016-08-01,-200.0,634498.1133606866,-200.0,872199.4520924715,0.48033216364714343
2016-09-01,-200.0,629311.9076581784,-200.0,864995.418000546,0.47345713802617023
2016-10-01,-200.0,624454.2665880626,-200.0,858243.6405142096,0.4671823722017671
2016-11-01,-200.0,632039.4227209865,-200.0,868593.7245546598,0.4764625501722217
2016-12-01,-200.0,655858.2516959783,-150.0,901202.4065474508,0.5066901561217895
2017-01-01,-200.0,660527.803573041,-150.0,907493.9331614434,0.5118531404077904
2017-02-01,-200.0,674513.0958839807,-150.0,926583.4374054183,0.5292954635768076
2017-03-01,-200.0,684841.774429612,-150.0,940647.275165508,0.5415984829121986
2017-04-01,-200.0,680850.5897996061,-150.0,935040.578437692,0.5352574437353215
2017-05-01,-200.0,690860.8435978795,-150.0,948663.4101038261,0.5469129502288078
2017-06-01,-200.0,701569.1979681315,-150.0,963243.0761991667,0.5594508387746622
2017-07-01,-200.0,708052.6057921331,-150.0,972020.0927485451,0.5661764858479267
2017-08-01,-200.0,706748.6670229451,-150.0,970105.4739759346,0.5626505059775352
2017-09-01,-200.0,713708.3664634223,-150.0,979534.0502727415,0.5696569787912643
2017-10-01,-200.0,732739.1853944868,-150.0,1005528.5397088107,0.5913666485735694
2017-11-01,-200.0,743413.6767435494,-100.0,1020002.5491795135,0.6017406432320594
2017-12-01,-200.0,764336.155560507,-100.0,1048534.8768052355,0.6241897524514138
2018-01-01,-200.0,796190.8229640753,-100.0,1092059.5173182457,0.6591907326147571
2018-02-01,-200.0,768749.6247572605,-100.0,1054246.704583912,0.6195937261035045
2018-03-01,-200.0,766537.9132893005,-100.0,1051039.335336991,0.6113642744723251
2018-04-01,-200.0,749822.7560914251,-150.0,1027996.0982248355,0.5851172148853742
2018-05-01,-200.0,760383.0931875654,-150.0,1042349.9697726171,0.5921294867667951
2018-06-01,-200.0,774227.7925987974,-100.0,1061154.4256531817,0.6026338310628362
2018-07-01,-200.0,785420.3503571633,-100.0,1076320.794267235,0.6091811548787804
2018-08-01,-200.0,803217.7965808619,-100.0,1100535.9031868766,0.6227396636163076
2018-09-01,-200.0,814748.2953777441,-100.0,1116160.485411107,0.6281313328231233
2018-10-01,-200.0,780983.9178797419,-150.0,1069781.1507811032,0.5799596974208487
2018-11-01,-200.0,766302.5436943371,-150.0,1049546.8467809819,0.5540921770758556
2018-12-01,-200.0,724942.6872709282,-200.0,992825.4433212305,0.4966495298982945
2019-01-01,-200.0,735058.5796940796,-200.0,1006605.4827695928,0.49881465133565783
2019-02-01,-200.0,773563.8680444753,-150.0,1059211.592170596,0.5327349414925868
2019-03-01,-200.0,783139.0277250198,-150.0,1072198.6418600888,0.5332639417689712
2019-04-01,-200.0,806947.1988943239,-150.0,1104670.6794145957,0.5490037981168994
2019-05-01,-200.0,791818.2909913122,-150.0,1083836.1650236843,0.5218757829686257
2019-06-01,-200.0,801695.9565766344,-150.0,1097232.8960902847,0.5225171934947925
2019-07-01,-200.0,829896.4280856712,-150.0,1135705.4524082008,0.5431364222963144
2019-08-01,-200.0,802822.5548566221,-150.0,1098531.4135447352,0.5043080477661108
2019-09-01,-200.0,825830.9105071934,-150.0,1129890.9193338791,0.5193481251296265
2019-10-01,-200.0,822911.5386472086,-150.0,1125773.0360495665,0.5071603328725952
2019-11-01,-200.0,858731.7275354703,-150.0,1174652.7552309483,0.5366169535914518
2019-12-01,-200.0,879601.0101434869,-150.0,1203076.1134703537,0.5507374594590142
2020-01-01,-200.0,904384.183010071,-150.0,1236849.7993552473,0.5698442511030882
2020-02-01,-200.0,901869.1766903325,-150.0,1233286.714711683,0.5612321335182807
2020-03-01,-200.0,731691.4518609203,-250.0,1000548.8380375636,0.38289676749552926
2020-04-01,-200.0,767250.772021234,-200.0,1049100.812917441,0.41613537877615253
2020-05-01,-200.0,811224.3787232091,-200.0,1109154.6808443402,0.4580784211889938
2020-06-01,-200.0,858144.8187882403,-150.0,1173183.6718465544,0.5032004116761859
2020-07-01,-200.0,882342.1695830249,-150.0,1206140.838543394,0.5255369413771163
2020-08-01,-200.0,930249.1105968897,-150.0,1271505.0964837077,0.571706033913407
2020-09-01,-200.0,921980.5670618343,-150.0,1260079.9214666544,0.5611761158552822
2020-10-01,-200.0,936361.0416466427,-150.0,1279610.515743309,0.5734661628788029
2020-11-01,-200.0,972842.7126953176,-100.0,1329292.2537030391,0.6080005509827265
2020-12-01,-200.0,1012198.1256894035,-100.0,1382894.208854018,0.6453585389714449
2021-01-01,-200.0,1034960.3307943682,-100.0,1413819.3427746932,0.6655378661228305
2021-02-01,-200.0,1053857.5775251833,-100.0,1439460.9295371233,0.6810128070080554
2021-03-01,-200.0,1053941.5205519265,-100.0,1439402.407662663,0.6771095615413809
2021-04-01,-200.0,1107211.9468274652,-50.0,1511932.4246912077,0.7239701149443923
2021-05-01,-200.0,1105679.3780079074,-50.0,1509616.5479647107,0.7161918058117615
2021-06-01,-200.0,1114269.1185890757,-50.0,1521121.3073338163,0.7177988850475987
2021-07-01,-200.0,1141898.6903291238,-50.0,1558616.2165830832,0.7361986863653198
2021-08-01,-200.0,1163374.2382899716,-50.0,1587705.9329338488,0.7481574107983514
2021-09-01,-200.0,1158167.30014641,-50.0,1580376.8562042858,0.7348618989211413
2021-10-01,-200.0,1152742.6663236932,-50.0,1572751.7637397328,0.7213514408068264
2021-11-01,-200.0,1200455.2664204617,-50.0,1637625.8808519817,0.7559689769862595
2021-12-01,-200.0,1198871.4028063356,-50.0,1635242.3864069004,0.7450840627425532
2022-01-01,-200.0,1163392.649303127,-50.0,1586627.1084746392,0.703966281893803
2022-02-01,-200.0,1118321.2769409583,-100.0,1524986.313850664,0.6560125439736676
2022-03-01,-200.0,1092661.9915115386,-100.0,1489823.5882109506,0.6261792494619133
2022-04-01,-200.0,1086804.2363682326,-100.0,1481663.9557040867,0.6143020887140372
2022-05-01,-200.0,989247.9018812058,-150.0,1348540.6094985201,0.5241939464791942
2022-06-01,-200.0,941889.1331118969,-200.0,1283908.5983300346,0.4792343215032756
2022-07-01,-200.0,945287.6986362585,-200.0,1288468.629287693,0.47838371602573115
2022-08-01,-200.0,1005494.2026424818,-150.0,1370410.1284014413,0.5263211835946309
2022-09-01,-200.0,929215.081960814,-200.0,1266375.0554214537,0.45768292899972796
2022-10-01,-200.0,895743.0485674659,-200.0,1220685.3319521863,0.42608280827694184
2022-11-01,-200.0,942918.3414569886,-200.0,1284901.5150373955,0.46318552029179266
2022-12-01,-200.0,944787.6636857771,-200.0,1287376.2768768372,0.4621460013447909
2023-01-01,-200.0,949059.87940153,-200.0,1293125.1151060893,0.46333552518788956
2023-02-01,-200.0,972355.5766953633,-200.0,1324793.7577805393,0.4806452034650212
2023-03-01,-200.0,942948.5277253594,-200.0,1284655.3932955354,0.45408845543682225
2023-04-01,-200.0,974551.4402330015,-200.0,1327638.1324716022,0.4791343855807464
2023-05-01,-200.0,978129.46592594,-200.0,1332440.0401157404,0.48022027163886544
2023-06-01,-200.0,1022023.9436426712,-150.0,1392112.0907949966,0.5154283173563623
2023-07-01,-200.0,1058472.5956302348,-150.0,1441636.8505751358,0.5444579196375109
2023-08-01,-200.0,1034938.4159134125,-150.0,1409460.9611386016,0.5223199804472614
2023-09-01,-200.0,1028574.6187250445,-150.0,1400671.8631675686,0.5145609130790519
2023-10-01,-200.0,994135.0983923543,-200.0,1353701.146915829,0.4833576726635418
2023-11-01,-200.0,1043374.2099603593,-150.0,1420627.082782789,0.5230600487578213
2023-12-01,-200.0,1097299.144415794,-150.0,1493927.3448647128,0.5670639376619695
2024-01-01,-200.0,1119375.8443480704,-150.0,1523861.5658864363,0.5847121034448288
2024-02-01,-200.0,1160730.623674979,-100.0,1579987.5975231456,0.6186461271581614
2024-03-01,-200.0,1189972.7108349022,-100.0,1619619.7134016645,0.6426238044980258
2024-04-01,-200.0,1168338.5966209238,-100.0,1590002.2572922623,0.6238742249338424
2024-05-01,-200.0,1198593.1827769645,-100.0,1631003.807552006,0.649589315405688
2024-06-01,-200.0,1239566.6753436204,-100.0,1686586.9544437102,0.6837582058768467
2024-07-01,-200.0,1266419.6706487911,-50.0,1722901.7194399852,0.7068710582851889
2024-08-01,-200.0,1251928.0688857855,-100.0,1703014.5173098713,0.6936354979835275
2024-09-01,-200.0,1282759.9589506479,-50.0,1744733.4875722993,0.7189940685305126
2024-10-01,-200.0,1320476.7701399103,-50.0,1795811.6135845734,0.7494801244809242
2024-11-01,-200.0,1352776.2233385842,-50.0,1839515.97551461,0.7765199594757217
2024-12-01,-200.0,1370967.1782440778,-50.0,1864030.2205186673,0.7912731591869137
2025-01-01,-200.0,1355136.3706748555,-50.0,1842283.9950199488,0.7763169434240865
2025-02-01,-200.0,1362695.6019749918,-50.0,1852338.7401756998,0.7836146815295176
2025-03-01,-200.0,1279975.5793230652,-50.0,1739673.9342632128,0.7133211667654563
2025-04-01,-200.0,1209357.8213109826,-100.0,1643522.2481476576,0.6531119958415431
2025-05-01,-200.0,1272071.9021160996,-50.0,1728529.1408184583,0.7100316885335357
2025-06-01,-200.0,1348500.7949693876,-50.0,1832161.2280024027,0.7763505179055953
2025-07-01,-200.0,1416693.418530707,0.0,1924812.1788886783,0.8435562901134204
2025-08-01,-200.0,1415956.1867545235,0.0,1923538.7946026765,0.8239569424483318
2025-09-01,-200.0,1445800.3288315872,0.0,1963809.5726474714,0.8426402614526836
2025-10-01,-200.0,1512630.0007255115,0.0,2054311.6875511196,0.8758373861583764
2025-11-01,1552604.9764271262,1552604.9764271262,1897741.7431394425,1897741.7431394425,0.9045848381999552
