Date,S&P_500
1871-01-01,113.96
1871-02-01,112.08
1871-03-01,113.14
1871-04-01,120.69
1871-05-01,126.67
1871-06-01,127.6
1871-07-01,125.22
1871-08-01,128.83
1871-09-01,127.08
1871-10-01,118.66
1871-11-01,119.96
1871-12-01,119.83
1872-01-01,122.86
1872-02-01,123.37
1872-03-01,125.53
1872-04-01,126.17
1872-05-01,126.17
1872-06-01,125.91
1872-07-01,127.02
1872-08-01,124.56
1872-09-01,121.49
1872-10-01,124.66
1872-11-01,120.56
1872-12-01,125.3
1873-01-01,126.29
1873-02-01,124.49
1873-03-01,123.52
1873-04-01,121.83
1873-05-01,124.81
1873-06-01,126.8
1873-07-01,126.54
1873-08-01,126.54
1873-09-01,116.87
1873-10-01,109.21
1873-11-01,108.66
1873-12-01,116.05
1874-01-01,120.47
1874-02-01,124.09
1874-03-01,122.28
1874-04-01,120.78
1874-05-01,118.6
1874-06-01,120.87
1874-07-01,119.96
1874-08-01,121.14
1874-09-01,123.04
1874-10-01,124.78
1874-11-01,126.97
1874-12-01,126.14
1875-01-01,126.14
1875-02-01,125.86
1875-03-01,127.53
1875-04-01,128.08
1875-05-01,126.28
1875-06-01,125.85
1875-07-01,126.14
1875-08-01,125.58
1875-09-01,125.56
1875-10-01,123.55
1875-11-01,126.59
1875-12-01,127.74
1876-01-01,131.46
1876-02-01,133.23
1876-03-01,132.93
1876-04-01,129.11
1876-05-01,128.91
1876-06-01,131.53
1876-07-01,129.95
1876-08-01,123.46
1876-09-01,114.79
1876-10-01,112.1
1876-11-01,109.02
1876-12-01,106.5
1877-01-01,103.77
1877-02-01,100.2
1877-03-01,99.58
1877-04-01,89.8
1877-05-01,88.2
1877-06-01,86.53
1877-07-01,89.53
1877-08-01,99.53
1877-09-01,106.82
1877-10-01,109.13
1877-11-01,109.63
1877-12-01,109.29
1878-01-01,112.61
1878-02-01,111.39
1878-03-01,115.9
1878-04-01,120.33
1878-05-01,124.78
1878-06-01,130.29
1878-07-01,131.39
1878-08-01,128.89
1878-09-01,131.51
1878-10-01,131.39
1878-11-01,132.58
1878-12-01,134.88
1879-01-01,138.27
1879-02-01,141.75
1879-03-01,140.97
1879-04-01,147.39
1879-05-01,154.04
1879-06-01,156.54
1879-07-01,157.94
1879-08-01,159.12
1879-09-01,159.33
1879-10-01,167.41
1879-11-01,167.37
1879-12-01,162.21
1880-01-01,163.58
1880-02-01,166.46
1880-03-01,167.98
1880-04-01,170.78
1880-05-01,161.94
1880-06-01,165.96
1880-07-01,173.59
1880-08-01,179.82
1880-09-01,177.74
1880-10-01,182.89
1880-11-01,190.45
1880-12-01,196.39
1881-01-01,210.14
1881-02-01,207.48
1881-03-01,209.84
1881-04-01,206.99
1881-05-01,218.58
1881-06-01,221.27
1881-07-01,211.31
1881-08-01,202.32
1881-09-01,196.34
1881-10-01,191.32
1881-11-01,194.46
1881-12-01,188.8
1882-01-01,185.97
1882-02-01,180.12
1882-03-01,179.81
1882-04-01,178.25
1882-05-01,174.41
1882-06-01,172.01
1882-07-01,183.27
1882-08-01,187.16
1882-09-01,194.12
1882-10-01,190.69
1882-11-01,184.15
1882-12-01,186.95
1883-01-01,185.99
1883-02-01,180.03
1883-03-01,184.07
1883-04-01,189.62
1883-05-01,188.29
1883-06-01,195.71
1883-07-01,196.61
1883-08-01,187.69
1883-09-01,191.6
1883-10-01,186.41
1883-11-01,191.25
1883-12-01,185.02
1884-01-01,179.48
1884-02-01,184.33
1884-03-01,183.63
1884-04-01,179.0
1884-05-01,168.03
1884-06-01,161.16
1884-07-01,163.01
1884-08-01,173.24
1884-09-01,169.5
1884-10-01,165.88
1884-11-01,166.2
1884-12-01,167.62
1885-01-01,163.76
1885-02-01,166.97
1885-03-01,171.24
1885-04-01,168.78
1885-05-01,170.77
1885-06-01,174.07
1885-07-01,178.51
1885-08-01,188.52
1885-09-01,188.24
1885-10-01,199.17
1885-11-01,209.73
1885-12-01,203.3
1886-01-01,208.13
1886-02-01,212.13
1886-03-01,210.1
1886-04-01,209.92
1886-05-01,210.96
1886-06-01,223.26
1886-07-01,223.99
1886-08-01,222.74
1886-09-01,228.55
1886-10-01,234.35
1886-11-01,240.16
1886-12-01,231.24
1887-01-01,223.34
1887-02-01,219.0
1887-03-01,224.14
1887-04-01,229.27
1887-05-01,233.23
1887-06-01,229.34
1887-07-01,226.29
1887-08-01,218.14
1887-09-01,217.79
1887-10-01,208.13
1887-11-01,209.51
1887-12-01,203.54
1888-01-01,202.88
1888-02-01,203.93
1888-03-01,196.21
1888-04-01,199.39
1888-05-01,204.37
1888-06-01,200.52
1888-07-01,203.19
1888-08-01,207.53
1888-09-01,212.67
1888-10-01,209.16
1888-11-01,202.38
1888-12-01,198.52
1889-01-01,209.73
1889-02-01,214.55
1889-03-01,212.79
1889-04-01,212.38
1889-05-01,223.57
1889-06-01,227.35
1889-07-01,222.72
1889-08-01,225.67
1889-09-01,228.13
1889-10-01,223.98
1889-11-01,221.91
1889-12-01,218.12
1890-01-01,226.09
1890-02-01,223.57
1890-03-01,221.88
1890-04-01,226.51
1890-05-01,233.11
1890-06-01,231.45
1890-07-01,229.79
1890-08-01,216.53
1890-09-01,210.3
1890-10-01,200.81
1890-11-01,190.66
1890-12-01,186.21
1891-01-01,198.44
1891-02-01,198.36
1891-03-01,192.52
1891-04-01,196.46
1891-05-01,198.12
1891-06-01,198.85
1891-07-01,197.85
1891-08-01,204.49
1891-09-01,223.99
1891-10-01,223.99
1891-11-01,223.26
1891-12-01,230.07
1892-01-01,240.39
1892-02-01,240.83
1892-03-01,249.93
1892-04-01,253.02
1892-05-01,253.02
1892-06-01,251.66
1892-07-01,245.05
1892-08-01,245.19
1892-09-01,239.09
1892-10-01,243.88
1892-11-01,236.87
1892-12-01,231.55
1893-01-01,227.1
1893-02-01,220.54
1893-03-01,217.71
1893-04-01,220.25
1893-05-01,203.39
1893-06-01,198.69
1893-07-01,184.89
1893-08-01,187.74
1893-09-01,193.29
1893-10-01,196.33
1893-11-01,204.69
1893-12-01,200.33
1894-01-01,201.68
1894-02-01,207.21
1894-03-01,219.53
1894-04-01,222.45
1894-05-01,214.17
1894-06-01,211.25
1894-07-01,206.87
1894-08-01,208.63
1894-09-01,209.15
1894-10-01,208.4
1894-11-01,208.4
1894-12-01,209.31
1895-01-01,206.87
1895-02-01,203.95
1895-03-01,203.95
1895-04-01,204.02
1895-05-01,212.13
1895-06-01,213.5
1895-07-01,217.19
1895-08-01,223.63
1895-09-01,225.03
1895-10-01,221.76
1895-11-01,214.29
1895-12-01,204.37
1896-01-01,205.04
1896-02-01,216.61
1896-03-01,213.2
1896-04-01,218.47
1896-05-01,220.9
1896-06-01,219.99
1896-07-01,205.73
1896-08-01,194.02
1896-09-01,204.2
1896-10-01,202.65
1896-11-01,210.32
1896-12-01,202.64
1897-01-01,208.59
1897-02-01,206.61
1897-03-01,207.1
1897-04-01,203.83
1897-05-01,207.77
1897-06-01,217.44
1897-07-01,227.12
1897-08-01,231.21
1897-09-01,235.59
1897-10-01,231.45
1897-11-01,223.28
1897-12-01,228.08
1898-01-01,234.33
1898-02-01,230.39
1898-03-01,219.98
1898-04-01,216.2
1898-05-01,215.41
1898-06-01,239.38
1898-07-01,243.93
1898-08-01,253.05
1898-09-01,252.57
1898-10-01,247.29
1898-11-01,255.46
1898-12-01,267.29
1899-01-01,287.63
1899-02-01,290.35
1899-03-01,294.49
1899-04-01,294.36
1899-05-01,282.1
1899-06-01,271.87
1899-07-01,277.78
1899-08-01,280.97
1899-09-01,267.69
1899-10-01,262.97
1899-11-01,264.86
1899-12-01,243.69
1900-01-01,246.93
1900-02-01,248.55
1900-03-01,250.56
1900-04-01,253.76
1900-05-01,247.64
1900-06-01,243.06
1900-07-01,240.26
1900-08-01,246.38
1900-09-01,237.8
1900-10-01,249.29
1900-11-01,268.78
1900-12-01,288.7
1901-01-01,293.25
1901-02-01,304.67
1901-03-01,315.6
1901-04-01,346.17
1901-05-01,328.73
1901-06-01,361.47
1901-07-01,333.25
1901-08-01,333.49
1901-09-01,328.0
1901-10-01,324.31
1901-11-01,327.09
1901-12-01,318.2
1902-01-01,328.7
1902-02-01,331.54
1902-03-01,331.94
1902-04-01,339.41
1902-05-01,334.43
1902-06-01,328.79
1902-07-01,336.22
1902-08-01,349.05
1902-09-01,345.99
1902-10-01,313.22
1902-11-01,311.11
1902-12-01,300.75
1903-01-01,312.41
1903-02-01,310.57
1903-03-01,308.72
1903-04-01,296.11
1903-05-01,297.12
1903-06-01,280.7
1903-07-01,267.8
1903-08-01,259.2
1903-09-01,249.89
1903-10-01,244.74
1903-11-01,248.25
1903-12-01,259.71
1904-01-01,258.0
1904-02-01,245.42
1904-03-01,247.59
1904-04-01,256.46
1904-05-01,256.95
1904-06-01,257.34
1904-07-01,268.01
1904-08-01,274.06
1904-09-01,282.72
1904-10-01,299.33
1904-11-01,308.47
1904-12-01,311.49
1905-01-01,318.29
1905-02-01,332.26
1905-03-01,345.78
1905-04-01,341.58
1905-05-01,328.3
1905-06-01,332.16
1905-07-01,342.59
1905-08-01,351.51
1905-09-01,356.49
1905-10-01,361.51
1905-11-01,355.71
1905-12-01,360.2
1906-01-01,372.66
1906-02-01,370.02
1906-03-01,360.95
1906-04-01,356.05
1906-05-01,342.96
1906-06-01,347.45
1906-07-01,349.92
1906-08-01,367.37
1906-09-01,374.72
1906-10-01,355.62
1906-11-01,358.83
1906-12-01,351.99
1907-01-01,345.46
1907-02-01,327.58
1907-03-01,298.69
1907-04-01,300.12
1907-05-01,283.72
1907-06-01,271.64
1907-07-01,282.03
1907-08-01,260.9
1907-09-01,258.13
1907-10-01,227.84
1907-11-01,223.57
1907-12-01,240.12
1908-01-01,252.96
1908-02-01,246.57
1908-03-01,256.66
1908-04-01,267.36
1908-05-01,281.76
1908-06-01,282.13
1908-07-01,289.46
1908-08-01,301.89
1908-09-01,298.6
1908-10-01,298.84
1908-11-01,315.86
1908-12-01,319.45
1909-01-01,324.09
1909-02-01,311.31
1909-03-01,315.55
1909-04-01,322.92
1909-05-01,330.44
1909-06-01,332.7
1909-07-01,337.45
1909-08-01,342.33
1909-09-01,339.1
1909-10-01,333.83
1909-11-01,328.84
1909-12-01,329.72
1910-01-01,325.61
1910-02-01,313.98
1910-03-01,315.68
1910-04-01,305.35
1910-05-01,306.03
1910-06-01,293.96
1910-07-01,279.1
1910-08-01,288.8
1910-09-01,293.75
1910-10-01,316.4
1910-11-01,322.57
1910-12-01,313.56
1911-01-01,321.18
1911-02-01,337.33
1911-03-01,329.7
1911-04-01,339.17
1911-05-01,346.48
1911-06-01,353.42
1911-07-01,347.98
1911-08-01,321.2
1911-09-01,300.4
1911-10-01,302.13
1911-11-01,317.7
1911-12-01,322.28
1912-01-01,319.45
1912-02-01,313.22
1912-03-01,315.73
1912-04-01,316.17
1912-05-01,315.84
1912-06-01,318.8
1912-07-01,319.13
1912-08-01,323.43
1912-09-01,321.76
1912-10-01,321.1
1912-11-01,317.51
1912-12-01,309.25
1913-01-01,303.48
1913-02-01,292.71
1913-03-01,287.17
1913-04-01,286.84
1913-05-01,281.88
1913-06-01,264.98
1913-07-01,265.85
1913-08-01,272.96
1913-09-01,272.79
1913-10-01,264.15
1913-11-01,254.89
1913-12-01,257.12
1914-01-01,267.67
1914-02-01,273.93
1914-03-01,268.76
1914-04-01,264.98
1914-05-01,263.91
1914-06-01,262.62
1914-07-01,245.61
1914-08-01,240.79
1914-09-01,240.79
1914-10-01,243.17
1914-11-01,240.79
1914-12-01,232.73
1915-01-01,236.84
1915-02-01,236.01
1915-03-01,244.53
1915-04-01,260.32
1915-05-01,251.72
1915-06-01,254.57
1915-07-01,253.62
1915-08-01,264.39
1915-09-01,274.2
1915-10-01,286.56
1915-11-01,293.72
1915-12-01,294.34
1916-01-01,286.9
1916-02-01,282.9
1916-03-01,279.29
1916-04-01,273.64
1916-05-01,277.06
1916-06-01,277.16
1916-07-01,273.31
1916-08-01,272.86
1916-09-01,278.89
1916-10-01,282.44
1916-11-01,283.93
1916-12-01,270.18
1917-01-01,261.58
1917-02-01,240.65
1917-03-01,248.11
1917-04-01,232.74
1917-05-01,221.36
1917-06-01,222.38
1917-07-01,219.61
1917-08-01,209.84
1917-09-01,195.25
1917-10-01,181.93
1917-11-01,166.77
1917-12-01,158.73
1918-01-01,164.7
1918-02-01,168.52
1918-03-01,166.3
1918-04-01,162.38
1918-05-01,164.09
1918-06-01,162.07
1918-07-01,159.05
1918-08-01,157.41
1918-09-01,153.58
1918-10-01,157.1
1918-11-01,158.13
1918-12-01,153.12
1919-01-01,152.15
1919-02-01,155.56
1919-03-01,158.34
1919-04-01,160.67
1919-05-01,169.74
1919-06-01,174.28
1919-07-01,174.79
1919-08-01,160.26
1919-09-01,161.88
1919-10-01,167.32
1919-11-01,158.86
1919-12-01,150.93
1920-01-01,146.31
1920-02-01,132.84
1920-03-01,140.74
1920-04-01,135.48
1920-05-01,125.13
1920-06-01,121.19
1920-07-01,121.62
1920-08-01,119.73
1920-09-01,125.84
1920-10-01,126.63
1920-11-01,120.81
1920-12-01,112.26
1921-01-01,119.67
1921-02-01,122.71
1921-03-01,120.23
1921-04-01,122.09
1921-05-01,128.64
1921-06-01,119.02
1921-07-01,117.98
1921-08-01,116.54
1921-09-01,120.79
1921-10-01,122.44
1921-11-01,129.76
1921-12-01,135.13
1922-01-01,138.14
1922-02-01,141.17
1922-03-01,148.22
1922-04-01,157.22
1922-05-01,163.35
1922-06-01,161.81
1922-07-01,161.99
1922-08-01,170.11
1922-09-01,174.54
1922-10-01,177.33
1922-11-01,167.51
1922-12-01,166.14
1923-01-01,169.42
1923-02-01,176.65
1923-03-01,179.51
1923-04-01,172.2
1923-05-01,164.06
1923-06-01,156.89
1923-07-01,149.86
1923-08-01,151.48
1923-09-01,151.53
1923-10-01,148.44
1923-11-01,152.88
1923-12-01,158.05
1924-01-01,163.23
1924-02-01,164.92
1924-03-01,162.7
1924-04-01,159.9
1924-05-01,159.34
1924-06-01,162.35
1924-07-01,168.88
1924-08-01,175.7
1924-09-01,172.99
1924-10-01,169.75
1924-11-01,179.24
1924-12-01,187.81
1925-01-01,195.58
1925-02-01,198.39
1925-03-01,192.06
1925-04-01,191.14
1925-05-01,196.13
1925-06-01,197.36
1925-07-01,200.55
1925-08-01,203.26
1925-09-01,207.96
1925-10-01,214.83
1925-11-01,217.82
1925-12-01,222.61
1926-01-01,226.0
1926-02-01,226.36
1926-03-01,212.18
1926-04-01,205.1
1926-05-01,207.69
1926-06-01,218.8
1926-07-01,230.62
1926-08-01,241.14
1926-09-01,243.41
1926-10-01,236.58
1926-11-01,238.31
1926-12-01,243.73
1927-01-01,244.87
1927-02-01,251.06
1927-03-01,256.39
1927-04-01,262.68
1927-05-01,270.18
1927-06-01,270.56
1927-07-01,281.35
1927-08-01,298.05
1927-09-01,313.14
1927-10-01,306.57
1927-11-01,315.36
1927-12-01,322.76
1928-01-01,324.05
1928-02-01,323.91
1928-03-01,341.31
1928-04-01,362.81
1928-05-01,371.86
1928-06-01,355.71
1928-07-01,358.32
1928-08-01,369.92
1928-09-01,391.34
1928-10-01,401.61
1928-11-01,428.75
1928-12-01,432.94
1929-01-01,464.92
1929-02-01,467.36
1929-03-01,478.38
1929-04-01,478.37
1929-05-01,482.71
1929-06-01,489.05
1929-07-01,526.47
1929-08-01,556.41
1929-09-01,578.6
1929-10-01,517.41
1929-11-01,380.43
1929-12-01,397.89
1930-01-01,406.01
1930-02-01,433.99
1930-03-01,453.02
1930-04-01,478.95
1930-05-01,453.02
1930-06-01,409.65
1930-07-01,405.72
1930-08-01,402.95
1930-09-01,400.33
1930-10-01,347.32
1930-11-01,324.09
1930-12-01,308.08
1931-01-01,321.41
1931-02-01,350.35
1931-03-01,359.36
1931-04-01,327.23
1931-05-01,299.52
1931-06-01,293.75
1931-07-01,303.49
1931-08-01,294.38
1931-09-01,252.21
1931-10-01,220.0
1931-11-01,226.03
1931-12-01,184.87
1932-01-01,185.62
1932-02-01,186.66
1932-03-01,188.68
1932-04-01,144.48
1932-05-01,128.62
1932-06-01,112.16
1932-07-01,117.81
1932-08-01,178.38
1932-09-01,197.13
1932-10-01,171.2
1932-11-01,170.8
1932-12-01,166.49
1933-01-01,175.77
1933-02-01,157.38
1933-03-01,158.12
1933-04-01,174.87
1933-05-01,225.13
1933-06-01,261.63
1933-07-01,274.15
1933-08-01,258.5
1933-09-01,256.32
1933-10-01,231.37
1933-11-01,236.94
1933-12-01,241.55
1934-01-01,255.35
1934-02-01,272.19
1934-03-01,258.24
1934-04-01,262.57
1934-05-01,235.88
1934-06-01,237.22
1934-07-01,226.01
1934-08-01,217.18
1934-09-01,208.81
1934-10-01,212.01
1934-11-01,217.94
1934-12-01,221.0
1935-01-01,217.75
1935-02-01,209.62
1935-03-01,196.31
1935-04-01,209.49
1935-05-01,225.94
1935-06-01,236.23
1935-07-01,248.6
1935-08-01,265.41
1935-09-01,271.01
1935-10-01,278.25
1935-11-01,302.19
1935-12-01,302.19
1936-01-01,318.87
1936-02-01,337.18
1936-03-01,346.88
1936-04-01,347.34
1936-05-01,328.9
1936-06-01,340.42
1936-07-01,357.99
1936-08-01,362.52
1936-09-01,366.63
1936-10-01,385.81
1936-11-01,396.55
1936-12-01,389.7
1937-01-01,398.95
1937-02-01,410.75
1937-03-01,407.41
1937-04-01,380.4
1937-05-01,360.88
1937-06-01,347.34
1937-07-01,365.45
1937-08-01,369.2
1937-09-01,314.76
1937-10-01,268.98
1937-11-01,247.02
1937-12-01,244.74
1938-01-01,254.71
1938-02-01,250.4
1938-03-01,233.84
1938-04-01,222.73
1938-05-01,226.35
1938-06-01,231.57
1938-07-01,277.61
1938-08-01,279.2
1938-09-01,266.5
1938-10-01,298.33
1938-11-01,298.56
1938-12-01,289.87
1939-01-01,285.53
1939-02-01,285.29
1939-03-01,285.06
1939-04-01,250.97
1939-05-01,260.24
1939-06-01,264.88
1939-07-01,271.37
1939-08-01,267.43
1939-09-01,289.63
1939-10-01,294.67
1939-11-01,289.42
1939-12-01,282.57
1940-01-01,282.99
1940-02-01,279.14
1940-03-01,277.54
1940-04-01,280.28
1940-05-01,241.68
1940-06-01,219.32
1940-07-01,228.2
1940-08-01,233.0
1940-09-01,242.82
1940-10-01,245.1
1940-11-01,250.81
1940-12-01,238.83
1941-01-01,239.28
1941-02-01,224.31
1941-03-01,224.08
1941-04-01,215.58
1941-05-01,209.42
1941-06-01,212.33
1941-07-01,223.21
1941-08-01,219.14
1941-09-01,216.87
1941-10-01,205.47
1941-11-01,194.58
1941-12-01,180.74
1942-01-01,181.9
1942-02-01,175.08
1942-03-01,163.5
1942-04-01,155.73
1942-05-01,155.58
1942-06-01,163.43
1942-07-01,168.48
1942-08-01,166.49
1942-09-01,168.23
1942-10-01,178.47
1942-11-01,180.27
1942-12-01,180.15
1943-01-01,190.93
1943-02-01,202.29
1943-03-01,205.82
1943-04-01,210.26
1943-05-01,217.28
1943-06-01,221.12
1943-07-01,226.98
1943-08-01,217.02
1943-09-01,220.37
1943-10-01,218.35
1943-11-01,208.24
1943-12-01,210.99
1944-01-01,217.79
1944-02-01,216.32
1944-03-01,222.39
1944-04-01,217.28
1944-05-01,221.12
1944-06-01,230.22
1944-07-01,234.88
1944-08-01,231.45
1944-09-01,227.65
1944-10-01,233.25
1944-11-01,231.63
1944-12-01,235.36
1945-01-01,242.36
1945-02-01,250.45
1945-03-01,250.27
1945-04-01,256.56
1945-05-01,264.77
1945-06-01,266.62
1945-07-01,261.14
1945-08-01,262.02
1945-09-01,279.87
1945-10-01,291.53
1945-11-01,301.07
1945-12-01,304.51
1946-01-01,316.64
1946-02-01,319.27
1946-03-01,306.34
1946-04-01,324.32
1946-05-01,323.26
1946-06-01,317.75
1946-07-01,291.53
1946-08-01,280.22
1946-09-01,236.56
1946-10-01,226.78
1946-11-01,220.56
1946-12-01,225.05
1947-01-01,226.24
1947-02-01,235.02
1947-03-01,221.38
1947-04-01,213.2
1947-05-01,209.4
1947-06-01,215.72
1947-07-01,227.17
1947-08-01,219.74
1947-09-01,209.4
1947-10-01,214.82
1947-11-01,211.4
1947-12-01,205.41
1948-01-01,200.11
1948-02-01,191.88
1948-03-01,195.43
1948-04-01,206.93
1948-05-01,216.1
1948-06-01,223.2
1948-07-01,215.21
1948-08-01,208.07
1948-09-01,205.72
1948-10-01,212.19
1948-11-01,202.05
1948-12-01,201.57
1949-01-01,204.67
1949-02-01,198.46
1949-03-01,200.34
1949-04-01,199.24
1949-05-01,198.6
1949-06-01,186.93
1949-07-01,199.17
1949-08-01,205.45
1949-09-01,207.27
1949-10-01,214.41
1949-11-01,216.47
1949-12-01,224.13
1950-01-01,229.71
1950-02-01,234.2
1950-03-01,235.11
1950-04-01,241.75
1950-05-01,248.82
1950-06-01,251.81
1950-07-01,230.63
1950-08-01,242.55
1950-09-01,250.07
1950-10-01,258.31
1950-11-01,256.75
1950-12-01,252.64
1951-01-01,267.04
1951-02-01,273.76
1951-03-01,268.11
1951-04-01,271.71
1951-05-01,270.78
1951-06-01,266.09
1951-07-01,270.78
1951-08-01,282.63
1951-09-01,287.7
1951-10-01,285.13
1951-11-01,275.1
1951-12-01,282.51
1952-01-01,291.92
1952-02-01,288.79
1952-03-01,289.52
1952-04-01,287.58
1952-05-01,287.46
1952-06-01,294.22
1952-07-01,300.4
1952-08-01,301.59
1952-09-01,296.8
1952-10-01,290.57
1952-11-01,299.8
1952-12-01,311.89
1953-01-01,314.75
1953-02-01,312.08
1953-03-01,312.47
1953-04-01,297.08
1953-05-01,297.52
1953-06-01,285.79
1953-07-01,289.85
1953-08-01,289.96
1953-09-01,276.64
1953-10-01,283.91
1953-11-01,291.27
1953-12-01,295.19
1954-01-01,302.68
1954-02-01,309.34
1954-03-01,315.88
1954-04-01,329.7
1954-05-01,341.55
1954-06-01,344.29
1954-07-01,358.2
1954-08-01,365.33
1954-09-01,375.29
1954-10-01,384.0
1954-11-01,399.03
1954-12-01,418.85
1955-01-01,426.4
1955-02-01,440.65
1955-03-01,437.18
1955-04-01,452.27
1955-05-01,450.35
1955-06-01,476.46
1955-07-01,509.41
1955-08-01,506.31
1955-09-01,527.13
1955-10-01,500.62
1955-11-01,534.39
1955-12-01,541.39
1956-01-01,526.83
1956-02-01,530.17
1956-03-01,566.69
1956-04-01,571.24
1956-05-01,551.24
1956-06-01,544.01
1956-07-01,569.34
1956-08-01,568.02
1956-09-01,546.69
1956-10-01,537.73
1956-11-01,532.15
1956-12-01,538.1
1957-01-01,526.39
1957-02-01,501.87
1957-03-01,506.5
1957-04-01,516.38
1957-05-01,534.29
1957-06-01,541.15
1957-07-01,548.18
1957-08-01,518.01
1957-09-01,496.99
1957-10-01,466.03
1957-11-01,454.36
1957-12-01,454.14
1958-01-01,459.79
1958-02-01,461.36
1958-03-01,467.6
1958-04-01,468.52
1958-05-01,483.57
1958-06-01,495.19
1958-07-01,507.05
1958-08-01,527.83
1958-09-01,541.78
1958-10-01,563.8
1958-11-01,578.95
1958-12-01,591.9
1959-01-01,613.35
1959-02-01,606.07
1959-03-01,621.45
1959-04-01,629.67
1959-05-01,639.16
1959-06-01,631.47
1959-07-01,654.27
1959-08-01,650.55
1959-09-01,622.68
1959-10-01,620.02
1959-11-01,622.52
1959-12-01,642.43
1960-01-01,633.38
1960-02-01,606.75
1960-03-01,598.48
1960-04-01,604.15
1960-05-01,598.62
1960-06-01,618.64
1960-07-01,603.3
1960-08-01,610.54
1960-09-01,592.17
1960-10-01,576.6
1960-11-01,595.28
1960-12-01,609.55
1961-01-01,640.89
1961-02-01,667.18
1961-03-01,688.1
1961-04-01,706.46
1961-05-01,713.65
1961-06-01,704.2
1961-07-01,697.59
1961-08-01,725.06
1961-09-01,716.99
1961-10-01,724.88
1961-11-01,757.71
1961-12-01,764.75
1962-01-01,736.28
1962-02-01,746.06
1962-03-01,746.8
1962-04-01,720.61
1962-05-01,667.02
1962-06-01,589.09
1962-07-01,601.29
1962-08-01,617.64
1962-09-01,610.14
1962-10-01,590.89
1962-11-01,631.6
1962-12-01,658.95
1963-01-01,684.41
1963-02-01,693.46
1963-03-01,688.56
1963-04-01,720.96
1963-05-01,735.43
1963-06-01,732.72
1963-07-01,719.5
1963-08-01,739.39
1963-09-01,758.87
1963-10-01,758.28
1963-11-01,754.02
1963-12-01,767.62
1964-01-01,791.22
1964-02-01,800.95
1964-03-01,815.54
1964-04-01,827.34
1964-05-01,835.41
1964-06-01,827.76
1964-07-01,855.75
1964-08-01,845.92
1964-09-01,857.7
1964-10-01,872.51
1964-11-01,875.76
1964-12-01,860.59
1965-01-01,882.73
1965-02-01,889.18
1965-03-01,887.16
1965-04-01,895.95
1965-05-01,909.29
1965-06-01,860.62
1965-07-01,859.31
1965-08-01,875.3
1965-09-01,904.55
1965-10-01,921.97
1965-11-01,929.64
1965-12-01,922.49
1966-01-01,938.48
1966-02-01,926.32
1966-03-01,885.47
1966-04-01,906.92
1966-05-01,859.2
1966-06-01,849.44
1966-07-01,844.66
1966-08-01,788.74
1966-09-01,760.97
1966-10-01,749.73
1966-11-01,787.25
1966-12-01,790.55
1967-01-01,820.88
1967-02-01,849.17
1967-03-01,866.56
1967-04-01,878.82
1967-05-01,891.87
1967-06-01,878.05
1967-07-01,890.55
1967-08-01,902.02
1967-09-01,911.9
1967-10-01,907.77
1967-11-01,876.7
1967-12-01,899.02
1968-01-01,891.31
1968-02-01,848.59
1968-03-01,830.64
1968-04-01,889.39
1968-05-01,907.21
1968-06-01,926.22
1968-07-01,919.08
1968-08-01,896.44
1968-09-01,922.95
1968-10-01,940.37
1968-11-01,952.17
1968-12-01,959.4
1969-01-01,916.28
1969-02-01,906.69
1969-03-01,879.67
1969-04-01,892.44
1969-05-01,918.98
1969-06-01,866.25
1969-07-01,823.05
1969-08-01,814.02
1969-09-01,814.67
1969-10-01,818.96
1969-11-01,820.48
1969-12-01,772.86
1970-01-01,764.05
1970-02-01,733.52
1970-03-01,742.15
1970-04-01,713.94
1970-05-01,630.15
1970-06-01,623.03
1970-07-01,620.9
1970-08-01,638.94
1970-09-01,673.7
1970-10-01,684.81
1970-11-01,680.62
1970-12-01,723.57
1971-01-01,751.21
1971-02-01,778.34
1971-03-01,796.3
1971-04-01,821.43
1971-05-01,806.24
1971-06-01,785.48
1971-07-01,777.89
1971-08-01,762.19
1971-09-01,779.12
1971-10-01,760.72
1971-11-01,725.45
1971-12-01,771.64
1972-01-01,803.78
1972-02-01,814.6
1972-03-01,831.94
1972-04-01,838.41
1972-05-01,827.94
1972-06-01,828.26
1972-07-01,818.2
1972-08-01,845.18
1972-09-01,831.02
1972-10-01,828.6
1972-11-01,868.13
1972-12-01,884.15
1973-01-01,888.83
1973-02-01,851.31
1973-03-01,830.15
1973-04-01,809.03
1973-05-01,780.92
1973-06-01,758.26
1973-07-01,763.76
1973-08-01,736.03
1973-09-01,747.14
1973-10-01,770.04
1973-11-01,710.66
1973-12-01,656.07
1974-01-01,659.57
1974-02-01,633.16
1974-03-01,651.91
1974-04-01,616.01
1974-05-01,590.05
1974-06-01,586.02
1974-07-01,513.43
1974-08-01,486.29
1974-09-01,430.53
1974-10-01,434.58
1974-11-01,445.48
1974-12-01,413.27
1975-01-01,445.39
1975-02-01,487.92
1975-03-01,508.4
1975-04-01,512.16
1975-05-01,541.61
1975-06-01,551.3
1975-07-01,545.72
1975-08-01,504.79
1975-09-01,495.92
1975-10-01,515.93
1975-11-01,520.87
1975-12-01,511.1
1976-01-01,557.12
1976-02-01,576.56
1976-03-01,578.38
1976-04-01,580.88
1976-05-01,572.81
1976-06-01,573.16
1976-07-01,583.59
1976-08-01,575.53
1976-09-01,585.74
1976-10-01,562.82
1976-11-01,557.99
1976-12-01,575.31
1977-01-01,567.44
1977-02-01,546.53
1977-03-01,540.7
1977-04-01,527.93
1977-05-01,523.77
1977-06-01,523.11
1977-07-01,525.31
1977-08-01,510.79
1977-09-01,501.21
1977-10-01,486.66
1977-11-01,487.09
1977-12-01,483.15
1978-01-01,461.79
1978-02-01,452.4
1978-03-01,448.02
1978-04-01,463.98
1978-05-01,482.97
1978-06-01,479.01
1978-07-01,473.08
1978-08-01,503.44
1978-09-01,499.66
1978-10-01,479.46
1978-11-01,449.38
1978-12-01,454.0
1979-01-01,466.87
1979-02-01,454.61
1979-03-01,458.62
1979-04-01,462.49
1979-05-01,446.06
1979-06-01,449.84
1979-07-01,449.29
1979-08-01,465.4
1979-09-01,465.55
1979-10-01,444.4
1979-11-01,436.93
1979-12-01,449.47
1980-01-01,455.86
1980-02-01,467.34
1980-03-01,418.01
1980-04-01,406.66
1980-05-01,421.06
1980-06-01,443.16
1980-07-01,463.26
1980-08-01,474.13
1980-09-01,481.6
1980-10-01,491.01
1980-11-01,507.56
1980-12-01,494.71
1981-01-01,488.89
1981-02-01,467.15
1981-03-01,481.32
1981-04-01,482.39
1981-05-01,469.01
1981-06-01,466.99
1981-07-01,450.72
1981-08-01,449.04
1981-09-01,405.93
1981-10-01,410.19
1981-11-01,419.46
1981-12-01,421.18
1982-01-01,397.8
1982-02-01,387.07
1982-03-01,374.96
1982-04-01,391.91
1982-05-01,388.57
1982-06-01,361.67
1982-07-01,358.83
1982-08-01,359.08
1982-09-01,399.83
1982-10-01,432.15
1982-11-01,450.66
1982-12-01,456.76
1983-01-01,471.85
1983-02-01,479.54
1983-03-01,496.19
1983-04-01,511.48
1983-05-01,529.02
1983-06-01,534.82
1983-07-01,534.6
1983-08-01,518.32
1983-09-01,530.99
1983-10-01,530.99
1983-11-01,522.04
1983-12-01,519.0
1984-01-01,522.22
1984-02-01,491.25
1984-03-01,490.61
1984-04-01,488.85
1984-05-01,484.34
1984-06-01,472.14
1984-07-01,464.18
1984-08-01,503.11
1984-09-01,505.89
1984-10-01,500.5
1984-11-01,505.06
1984-12-01,499.59
1985-01-01,520.17
1985-02-01,545.77
1985-03-01,539.21
1985-04-01,540.28
1985-05-01,551.08
1985-06-01,561.43
1985-07-01,571.07
1985-08-01,557.58
1985-09-01,543.63
1985-10-01,547.81
1985-11-01,579.45
1985-12-01,606.54
1986-01-01,607.5
1986-02-01,641.94
1986-03-01,682.81
1986-04-01,700.85
1986-05-01,700.39
1986-06-01,716.41
1986-07-01,701.51
1986-08-01,714.23
1986-09-01,691.54
1986-10-01,688.31
1986-11-01,709.99
1986-12-01,719.48
1987-01-01,760.67
1987-02-01,804.94
1987-03-01,834.44
1987-04-01,820.92
1987-05-01,817.45
1987-06-01,849.23
1987-07-01,871.44
1987-08-01,920.82
1987-09-01,886.26
1987-10-01,777.17
1987-11-01,678.95
1987-12-01,667.86
1988-01-01,692.39
1988-02-01,711.55
1988-03-01,729.36
1988-04-01,717.16
1988-05-01,697.03
1988-06-01,733.64
1988-07-01,726.23
1988-08-01,708.66
1988-09-01,715.41
1988-10-01,738.04
1988-11-01,720.41
1988-12-01,733.81
1989-01-01,753.68
1989-02-01,773.2
1989-03-01,765.37
1989-04-01,785.34
1989-05-01,810.86
1989-06-01,834.16
1989-07-01,853.23
1989-08-01,889.59
1989-09-01,888.53
1989-10-01,884.54
1989-11-01,864.14
1989-12-01,884.08
1990-01-01,853.39
1990-02-01,825.61
1990-03-01,841.02
1990-04-01,839.02
1990-05-01,866.95
1990-06-01,887.24
1990-07-01,882.95
1990-08-01,803.75
1990-09-01,760.12
1990-10-01,735.71
1990-11-01,753.58
1990-12-01,785.75
1991-01-01,773.34
1991-02-01,859.42
1991-03-01,881.89
1991-04-01,898.09
1991-05-01,891.45
1991-06-01,889.54
1991-07-01,892.78
1991-08-01,911.64
1991-09-01,902.52
1991-10-01,900.46
1991-11-01,895.62
1991-12-01,900.98
1992-01-01,963.52
1992-02-01,951.92
1992-03-01,935.2
1992-04-01,933.97
1992-05-01,949.58
1992-06-01,931.27
1992-07-01,944.72
1992-08-01,948.57
1992-09-01,947.13
1992-10-01,930.3
1992-11-01,952.28
1992-12-01,981.8
1993-01-01,976.06
1993-02-01,987.11
1993-03-01,1002.51
1993-04-01,984.0
1993-05-01,987.45
1993-06-01,992.31
1993-07-01,990.6
1993-08-01,1002.97
1993-09-01,1012.16
1993-10-01,1018.22
1993-11-01,1015.31
1993-12-01,1022.02
1994-01-01,1034.62
1994-02-01,1028.02
1994-03-01,1007.65
1994-04-01,970.31
1994-05-01,977.61
1994-06-01,982.8
1994-07-01,972.76
1994-08-01,996.4
1994-09-01,999.55
1994-10-01,992.15
1994-11-01,984.84
1994-12-01,972.41
1995-01-01,989.93
1995-02-01,1021.32
1995-03-01,1041.67
1995-04-01,1069.32
1995-05-01,1100.62
1995-06-01,1131.04
1995-07-01,1168.83
1995-08-01,1169.41
1995-09-01,1208.16
1995-10-01,1212.86
1995-11-01,1239.91
1995-12-01,1280.38
1996-01-01,1272.61
1996-02-01,1341.01
1996-03-01,1329.05
1996-04-01,1324.15
1996-05-01,1350.32
1996-06-01,1364.3
1996-07-01,1311.93
1996-08-01,1347.26
1996-09-01,1367.72
1996-10-01,1417.1
1996-11-01,1483.4
1996-12-01,1498.68
1997-01-01,1540.14
1997-02-01,1599.78
1997-03-01,1583.32
1997-04-01,1524.99
1997-05-01,1664.09
1997-06-01,1748.2
1997-07-01,1843.66
1997-08-01,1844.09
1997-09-01,1858.92
1997-10-01,1882.3
1997-11-01,1859.23
1997-12-01,1908.03
1998-01-01,1906.45
1998-02-01,2022.18
1998-03-01,2123.11
1998-04-01,2188.8
1998-05-01,2177.34
1998-06-01,2174.61
1998-07-01,2266.38
1998-08-01,2103.2
1998-09-01,1995.11
1998-10-01,2013.31
1998-11-01,2231.63
1998-12-01,2322.01
1999-01-01,2430.65
1999-02-01,2423.43
1999-03-01,2484.08
1999-04-01,2568.32
1999-05-01,2563.14
1999-06-01,2544.83
1999-07-01,2649.31
1999-08-01,2540.57
1999-09-01,2510.72
1999-10-01,2471.71
1999-11-01,2643.14
1999-12-01,2714.74
2000-01-01,2700.84
2000-02-01,2615.78
2000-03-01,2694.03
2000-04-01,2728.2
2000-05-01,2645.06
2000-06-01,2711.91
2000-07-01,2726.06
2000-08-01,2749.12
2000-09-01,2702.83
2000-10-01,2554.97
2000-11-01,2531.28
2000-12-01,2446.15
2001-01-01,2439.37
2001-02-01,2375.3
2001-03-01,2152.29
2001-04-01,2150.99
2001-05-01,2286.23
2001-06-01,2225.5
2001-07-01,2170.04
2001-08-01,2123.29
2001-09-01,1873.67
2001-10-01,1937.49
2001-11-01,2036.47
2001-12-01,2072.14
2002-01-01,2058.94
2002-02-01,1979.71
2002-03-01,2063.65
2002-04-01,1977.72
2002-05-01,1919.59
2002-06-01,1802.57
2002-07-01,1604.48
2002-08-01,1615.01
2002-09-01,1533.29
2002-10-01,1507.5
2002-11-01,1605.05
2002-12-01,1589.59
2003-01-01,1576.71
2003-02-01,1461.94
2003-03-01,1469.88
2003-04-01,1548.59
2003-05-01,1631.17
2003-06-01,1719.99
2003-07-01,1726.01
2003-08-01,1714.25
2003-09-01,1760.34
2003-10-01,1795.59
2003-11-01,1819.82
2003-12-01,1875.14
2004-01-01,1955.61
2004-02-01,1963.72
2004-03-01,1918.08
2004-04-01,1927.91
2004-05-01,1864.98
2004-06-01,1909.62
2004-07-01,1867.21
2004-08-01,1837.69
2004-09-01,1882.18
2004-10-01,1871.57
2004-11-01,1957.2
2004-12-01,2015.27
2005-01-01,1981.19
2005-02-01,2000.21
2005-03-01,1976.86
2005-04-01,1913.58
2005-05-01,1938.34
2005-06-01,1976.75
2005-07-01,2000.36
2005-08-01,1993.48
2005-09-01,1972.07
2005-10-01,1913.59
2005-11-01,2002.58
2005-12-01,2050.86
2006-01-01,2062.21
2006-02-01,2054.71
2006-03-01,2070.75
2006-04-01,2066.66
2006-05-01,2037.25
2006-06-01,1975.17
2006-07-01,1980.46
2006-08-01,2018.78
2006-09-01,2076.94
2006-10-01,2160.59
2006-11-01,2203.9
2006-12-01,2244.65
2007-01-01,2250.04
2007-02-01,2270.51
2007-03-01,2191.07
2007-04-01,2264.65
2007-05-01,2323.94
2007-06-01,2324.13
2007-07-01,2334.73
2007-08-01,2237.36
2007-09-01,2296.41
2007-10-01,2356.61
2007-11-01,2226.65
2007-12-01,2252.25
2008-01-01,2088.91
2008-02-01,2046.77
2008-03-01,1972.37
2008-04-01,2040.17
2008-05-01,2071.48
2008-06-01,1960.24
2008-07-01,1827.99
2008-08-01,1870.56
2008-09-01,1778.84
2008-10-01,1430.56
2008-11-01,1329.39
2008-12-01,1334.94
2009-01-01,1311.01
2009-02-01,1213.57
2009-03-01,1138.31
2009-04-01,1271.98
2009-05-01,1349.46
2009-06-01,1373.12
2009-07-01,1389.7
2009-08-01,1496.11
2009-09-01,1546.73
2009-10-01,1579.43
2009-11-01,1608.49
2009-12-01,1644.36
2010-01-01,1658.24
2010-02-01,1607.04
2010-03-01,1692.89
2010-04-01,1756.36
2010-05-01,1649.08
2010-06-01,1589.51
2010-07-01,1583.95
2010-08-01,1592.73
2010-09-01,1642.75
2010-10-01,1713.08
2010-11-01,1752.28
2010-12-01,1811.49
2011-01-01,1862.57
2011-02-01,1909.06
2011-03-01,1866.83
2011-04-01,1893.3
2011-05-01,1894.06
2011-06-01,1823.81
2011-07-01,1875.84
2011-08-01,1673.23
2011-09-01,1654.58
2011-10-01,1705.09
2011-11-01,1733.67
2011-12-01,1761.9
2012-01-01,1834.97
2012-02-01,1899.85
2012-03-01,1936.76
2012-04-01,1927.02
2012-05-01,1866.44
2012-06-01,1844.39
2012-07-01,1898.07
2012-08-01,1948.19
2012-09-01,1994.77
2012-10-01,1987.81
2012-11-01,1937.11
2012-12-01,1981.03
2013-01-01,2055.89
2013-02-01,2083.14
2013-03-01,2130.63
2013-04-01,2160.18
2013-05-01,2251.26
2013-06-01,2217.01
2013-07-01,2284.47
2013-08-01,2283.65
2013-09-01,2304.32
2013-10-01,2355.27
2013-11-01,2447.23
2013-12-01,2480.71
2014-01-01,2491.45
2014-02-01,2475.02
2014-03-01,2522.09
2014-04-01,2514.8
2014-05-01,2540.34
2014-06-01,2612.53
2014-07-01,2648.46
2014-08-01,2637.33
2014-09-01,2677.94
2014-10-01,2609.31
2014-11-01,2768.79
2014-12-01,2797.78
2015-01-01,2775.31
2015-02-01,2836.91
2015-03-01,2817.13
2015-04-01,2831.52
2015-05-01,2840.13
2015-06-01,2813.26
2015-07-01,2806.17
2015-08-01,2737.33
2015-09-01,2613.29
2015-10-01,2722.58
2015-11-01,2803.54
2015-12-01,2777.27
2016-01-01,2589.81
2016-02-01,2568.55
2016-03-01,2715.37
2016-04-01,2774.19
2016-05-01,2749.71
2016-06-01,2765.05
2016-07-01,2855.93
2016-08-01,2882.58
2016-09-01,2858.11
2016-10-01,2835.14
2016-11-01,2868.67
2016-12-01,2975.87
2017-01-01,2996.15
2017-02-01,3058.68
2017-03-01,3104.61
2017-04-01,3085.61
2017-05-01,3130.07
2017-06-01,3177.68
2017-07-01,3206.14
2017-08-01,3199.33
2017-09-01,3229.93
2017-10-01,3315.15
2017-11-01,3362.54
2017-12-01,3456.27
2018-01-01,3599.41
2018-02-01,3474.45
2018-03-01,3463.55
2018-04-01,3387.12
2018-05-01,3433.92
2018-06-01,3495.54
2018-07-01,3545.17
2018-08-01,3624.6
2018-09-01,3675.73
2018-10-01,3522.5
2018-11-01,3455.38
2018-12-01,3267.98
2019-01-01,3312.68
2019-02-01,3485.31
2019-03-01,3527.55
2019-04-01,3633.89
2019-05-01,3564.86
2019-06-01,3608.43
2019-07-01,3734.46
2019-08-01,3611.73
2019-09-01,3714.34
2019-10-01,3700.31
2019-11-01,3860.48
2019-12-01,3953.4
2020-01-01,4063.89
2020-02-01,4051.69
2020-03-01,3286.26
2020-04-01,3445.07
2020-05-01,3641.62
2020-06-01,3851.35
2020-07-01,3959.05
2020-08-01,4173.11
2020-09-01,4135.12
2020-10-01,4198.72
2020-11-01,4361.41
2020-12-01,4536.95
2021-01-01,4638.08
2021-02-01,4721.87
2021-03-01,4721.35
2021-04-01,4959.09
2021-05-01,4951.33
2021-06-01,4988.9
2021-07-01,5111.71
2021-08-01,5206.95
2021-09-01,5182.75
2021-10-01,5157.58
2021-11-01,5370.16
2021-12-01,5362.18
2022-01-01,5202.6
2022-02-01,5000.15
2022-03-01,4884.53
2022-04-01,4857.45
2022-05-01,4420.53
2022-06-01,4208.01
2022-07-01,4222.3
2022-08-01,4490.33
2022-09-01,4148.79
2022-10-01,3998.45
2022-11-01,4208.14
2022-12-01,4215.59
2023-01-01,4233.76
2023-02-01,4336.79
2023-03-01,4204.74
2023-04-01,4344.77
2023-05-01,4359.83
2023-06-01,4554.59
2023-07-01,4716.13
2023-08-01,4610.38
2023-09-01,4581.14
2023-10-01,4426.86
2023-11-01,4645.23
2023-12-01,4884.42
2024-01-01,4981.8
2024-02-01,5164.96
2024-03-01,5294.19
2024-04-01,5197.05
2024-05-01,5330.74
2024-06-01,5512.08
2024-07-01,5630.6
2024-08-01,5565.28
2024-09-01,5701.45
2024-10-01,5868.2
2024-11-01,6010.85
2024-12-01,6090.79
2025-01-01,6019.57
2025-02-01,6052.26
2025-03-01,5683.98
2025-04-01,5369.5
2025-05-01,5922.81
2025-06-01,6053.56
2025-07-01,6311.33
2025-08-01,6492.18
2025-09-01,6665.78
2025-10-01,6711.2
2025-11-01,6889.08
2025-12-01,6853.03
2026-01-01,6901.78
2026-01-16,6974.69
